cause_id,icd10
301,A00.0
344,A30.0
380,P00.0
386,D50.1
392,A20.0
410,C00.0
491,B33.2
508,D86.0
521,B18.0
586,D25.0
626,I27.1
688,V00.0
696,L55.0
296,A15.0
301,A01.0
344,A68.0
366,N98.0
380,P04.5
386,D51.0
392,A32.0
491,G45.0
508,D86.9
521,I85.0
526,K20.0
586,D26.1
626,I67.7
640,A66.0
688,V87.2
696,L56.3
344,A69.2
366,O00.0
380,P07.0
386,D52.8
392,A38.0
410,C30.0
491,I01.0
508,G47.3
526,K31.0
586,D28.2
626,L93.0
688,V88.2
696,L56.8
728,Y35.0
296,B90.0
301,A39.0
344,A75.0
366,O09.0
380,P19.0
386,D64.3
392,A48.2
491,I02.0
508,J30.0
521,K70.0
526,K31.8
542,G21.2
558,F50.0
586,D52.1
626,M00.0
640,D86.3
688,V90.0
696,L58.0
301,A48.1
344,A77.0
366,O20.0
380,P24.0
386,E00.0
392,A48.4
410,C40.0
491,I05.0
508,J37.0
521,K71.3
542,G24.1
558,G31.2
586,D55.0
640,H05.0
696,W00.0
344,A82.0
366,O28.0
380,P36.0
392,A49.1
410,C43.0
491,I11.0
521,K71.7
526,K40.0
542,G25.2
558,G72.1
586,D59.0
626,M05.0
640,I89.1
696,W49.0
301,A83.0
392,A50.0
410,C47.0
491,I20.0
521,K72.1
526,K44.0
542,G25.5
558,P04.3
586,D59.5
301,B01.0
344,A98.0
366,O60.0
380,P50.0
386,E63.0
392,A60.0
491,I28.0
508,J70.0
526,K50.0
542,G25.8
558,P96.1
586,D60.0
626,M30.0
640,L08.0
296,P37.0
301,B05.0
344,B33.0
380,P70.0
386,E64.2
392,A63.0
491,I30.0
508,J70.8
521,K75.2
526,K55.0
542,G30.0
558,Q86.0
586,D63.1
626,M34.0
640,L10.0
301,B94.1
344,B50.0
380,P70.3
386,M12.1
410,C60.0
491,I31.8
521,K75.4
526,K62.2
542,G31.8
558,R78.0
586,D64.0
626,M40.0
640,L51.0
301,B97.4
344,B55.0
366,O98.8
380,P74.0
392,A69.0
491,I42.1
508,J84.0
521,K76.4
526,K62.8
586,D64.4
626,M65.0
344,B56.0
380,P80.0
392,A74.0
410,C68.0
508,J91.0
526,K64.0
542,G40.0
626,M71.0
301,G00.0
344,B60.0
380,P83.0
392,A74.8
410,C69.0
491,I47.0
526,K66.8
542,G61.0
586,D68.0
626,M80.0
696,X00.0
301,G03.0
344,B65.0
392,A80.0
410,C81.0
491,I51.0
542,G70.0
586,D70.0
626,M86.3
640,P96.0
696,X08.0
301,G04.0
344,B69.0
380,P96.0
392,A88.0
410,C88.0
491,I60.0
542,G72.2
626,M87.0
640,Q00.0
696,X39.0
301,H70.0
344,B74.3
380,P96.3
392,B00.0
410,D00.1
491,I65.0
542,G90.0
586,D86.8
626,M88.0
640,Q10.4
301,J01.0
344,B77.0
380,P96.8
410,D01.0
491,I67.0
526,K80.0
542,G95.0
586,D89.0
626,M89.5
640,Q20.0
301,J04.0
344,B83.0
392,B06.0
410,D02.0
491,I67.5
526,K85.0
542,M33.0
586,E03.0
626,M89.7
640,Q30.0
301,J05.0
392,B10.0
410,D03.0
491,I68.0
526,K90.0
586,E09.0
640,Q37.0
392,B15.0
410,D07.0
491,I69.0
526,K92.8
640,Q50.0
301,J16.0
344,P37.1
392,B19.0
410,D07.4
491,I70.2
586,E16.0
640,Q63.0
301,J20.0
392,B25.0
410,D09.0
491,I71.0
586,E20.0
640,Q86.1
410,D09.2
491,I77.0
586,E36.0
640,Q89.0
301,P23.0
392,B33.0
410,D09.8
491,I86.0
640,Q90.0
301,P35.8
392,B33.3
410,D10.0
491,I89.9
586,E70.0
640,Q95.0
301,R19.7
392,B47.0
410,D11.0
586,E88.0
410,D13.0
491,K75.1
586,G21.1
410,D14.0
586,G24.0
392,B94.2
410,D15.0
586,G25.1
392,B95.0
410,D22.0
586,G25.4
410,D26.0
586,G25.6
410,D27.0
586,G72.0
392,I02.0
410,D28.0
586,G93.7
392,I02.9
410,D28.7
586,G97.0
410,D29.0
586,I12.0
392,J02.0
410,D30.0
586,I95.2
392,J03.0
410,D31.0
586,I97.0
410,D36.1
410,D37.1
586,J70.2
392,K71.2
410,D38.0
586,J95.0
392,K71.6
410,D39.1
586,K43.0
410,D39.8
586,K62.7
392,K75.3
410,D40.0
586,K91.0
392,K76.3
410,D41.0
586,K94.0
410,D42.0
586,M87.1
410,D44.0
586,N00.0
410,D47.2
586,N14.0
392,M89.6
410,D48.0
392,P35.0
410,D49.2
586,N20.0
392,P35.9
410,D49.6
586,N25.0
392,P37.0
410,K31.7
392,P37.2
410,K62.0
586,N32.3
392,P37.5
410,K63.5
586,N34.0
410,N60.0
586,N36.0
410,N84.0
586,N39.0
410,N87.0
586,N41.0
586,N44.0
586,N49.0
586,N65.0
586,N75.0
586,N80.0
586,N83.0
586,N99.0
586,P70.0
586,P96.2
586,P96.5
586,Q61.0
586,R50.2
586,R73.0
301,A00.1
344,A30.1
380,P00.1
392,A20.1
410,C00.1
508,D86.1
521,B18.1
558,F10.1
586,D25.1
688,V00.1
696,L55.1
301,A01.1
344,A68.1
366,N98.1
380,P04.6
386,D51.1
392,A32.1
491,G45.1
521,I85.1
558,F18.1
640,A66.1
688,V87.3
366,O00.1
380,P07.1
386,D52.9
392,A38.1
410,C30.1
491,I01.1
526,K31.1
626,L93.1
688,V88.3
696,L56.9
728,Y35.1
296,B90.1
301,A39.1
344,A75.1
366,O09.1
380,P19.1
508,J30.1
521,K70.1
542,G21.3
626,M00.1
688,V90.1
696,L58.1
344,A77.1
380,P24.1
386,E00.1
392,A48.5
410,C40.1
491,I05.1
508,J37.1
521,K71.4
542,G24.2
586,D55.1
640,H05.1
696,W00.1
344,A82.1
366,O28.1
380,P36.1
410,C43.1
526,K40.1
542,G25.3
586,D59.1
626,M05.1
301,A83.1
366,O40.1
380,P38.1
386,E51.1
392,A50.1
410,C47.1
491,I20.1
526,K44.1
558,P04.4
586,D59.6
301,B01.1
344,A98.1
366,O60.1
380,P50.1
386,E63.1
392,A60.1
410,C56.1
491,I28.1
508,J70.1
526,K50.1
542,G25.9
586,D60.1
626,M30.1
640,L08.1
301,B05.1
344,B33.1
380,P70.1
386,E64.3
491,I30.1
508,J70.9
526,K55.1
542,G30.1
626,M34.1
640,L10.1
380,P70.4
410,C60.1
491,I31.9
526,K62.3
542,G31.9
558,R78.1
626,M40.1
640,L51.1
301,B97.5
366,O98.9
380,P74.1
392,A69.1
410,C64.1
491,I42.2
508,J84.1
521,K76.5
526,K62.9
344,B56.1
410,C68.1
526,K64.1
542,G40.1
626,M71.1
640,L97.1
301,G00.1
344,B60.1
380,P83.1
392,A74.9
410,C69.1
491,I47.1
542,G61.1
586,D68.1
640,M72.6
696,X00.1
301,G03.1
344,B65.1
392,A80.1
410,C81.1
491,I51.1
542,G70.1
586,D70.1
626,M86.4
696,X08.1
301,G04.1
344,B69.1
380,P96.1
392,A88.1
491,I60.1
526,K68.1
542,G72.3
586,D76.1
640,Q00.1
301,H70.1
344,B74.4
392,B00.1
410,D00.2
491,I65.1
542,G90.1
626,M88.1
640,Q10.5
301,J01.1
410,D01.1
491,I67.1
526,K80.1
542,G95.1
586,D89.1
640,Q20.1
344,B83.1
410,D02.1
491,I67.6
526,K85.1
542,M33.1
586,E03.1
626,M89.8
640,Q30.1
410,D03.1
526,K90.1
586,E09.1
640,Q37.1
410,D07.1
491,I69.1
640,Q50.1
392,B19.1
410,D07.5
491,I70.3
586,E16.1
640,Q63.1
301,J20.1
392,B25.1
491,I71.1
586,E20.1
640,Q86.2
410,D09.3
491,I77.1
586,E36.1
640,Q89.1
301,P23.1
392,B33.1
491,I86.1
640,Q90.1
392,B33.4
410,D10.1
586,E70.1
640,Q95.1
392,B47.1
586,E88.1
410,D13.1
410,D14.1
410,D15.1
392,B95.1
410,D22.1
586,G25.7
410,D27.1
410,D28.1
586,G97.1
410,D29.1
410,D30.1
586,I95.3
410,D31.1
586,I97.1
410,D37.2
586,J70.3
410,D38.1
586,J95.1
410,D39.2
586,K43.1
410,D40.1
586,K91.1
410,D41.1
586,K94.1
410,D42.1
410,D44.1
586,N00.1
410,D47.3
586,N14.1
410,D48.1
586,N18.1
392,P35.1
410,D49.3
586,N20.1
586,N25.1
392,P37.1
410,K62.1
586,N34.1
410,N60.1
586,N36.1
410,N84.1
392,Z16.1
410,N87.1
586,N41.1
586,N45.1
586,N49.1
586,N65.1
586,N75.1
586,N80.1
586,N83.1
586,N99.1
586,P70.1
586,Q61.1
344,A30.2
380,P00.2
392,A20.2
410,C00.2
508,D86.2
521,B18.2
558,F10.2
586,D25.2
688,V00.2
696,L55.2
301,A01.2
366,N98.2
386,D51.2
491,G45.2
558,F18.2
640,A66.2
366,O00.2
380,P07.2
386,D53.0
491,I01.2
526,K31.2
626,L93.2
728,Y35.2
296,B90.2
301,A39.2
344,A75.2
366,O09.2
380,P19.2
508,J30.2
521,K70.2
542,G21.4
558,F50.2
626,M00.2
688,V90.2
344,A77.2
380,P24.2
386,E00.2
410,C40.2
491,I05.2
521,K71.5
526,K35.2
542,G24.3
586,D55.2
696,W00.2
366,O28.2
380,P36.2
410,C43.2
526,K40.2
586,D59.2
626,M05.2
301,A83.2
366,O40.2
386,E51.2
392,A50.2
410,C47.2
301,B01.2
344,A98.2
366,O60.2
380,P50.2
410,C56.2
626,M30.2
301,B05.2
380,P70.2
526,K55.2
626,M34.2
640,L10.2
410,C60.2
526,K62.4
558,R78.2
626,M40.2
640,L51.2
301,B97.6
366,O99.0
380,P74.2
410,C64.2
491,I42.3
508,J84.2
521,K76.6
526,K64.2
542,G40.2
640,L97.2
301,G00.2
344,B60.2
380,P83.2
410,C69.2
491,I47.2
586,D68.2
696,X00.2
301,G03.2
344,B65.2
392,A80.2
410,C81.2
491,I51.2
542,G70.2
586,D70.2
696,X08.2
301,G04.2
380,P96.2
410,C88.2
491,I60.2
542,G72.4
586,D76.2
640,Q00.2
301,H70.2
392,B00.2
491,I65.2
542,G90.2
640,Q10.6
301,J01.2
410,D01.2
491,I67.2
526,K80.2
542,G95.2
586,D89.2
640,Q20.2
344,B83.2
410,D02.2
526,K85.2
542,M33.2
586,E03.2
626,M89.9
640,Q30.2
410,D03.2
491,I68.2
526,K90.2
586,E09.2
640,Q37.2
410,D07.2
491,I69.2
640,Q50.2
392,B19.2
491,I70.4
586,E16.2
640,Q63.2
301,J20.2
392,B25.2
491,I71.2
491,I77.2
640,Q89.2
301,P23.2
392,B33.2
491,I86.2
640,Q90.2
410,D10.2
586,E70.2
640,Q95.2
586,E88.2
410,D13.2
410,D14.2
410,D15.2
392,B95.2
410,D22.2
586,G97.2
410,D29.2
410,D30.2
410,D31.2
586,I97.2
410,D37.3
586,J70.4
410,D38.2
586,J95.2
586,K43.2
586,K91.2
410,D41.2
586,K94.2
410,D44.2
586,N00.2
410,D47.4
586,N14.2
410,D48.2
586,N18.2
392,P35.2
410,D49.4
586,N20.2
586,N34.2
410,N60.2
586,N36.2
392,Z16.2
586,N41.2
586,N45.2
586,N49.2
586,N80.2
586,N83.2
586,N99.2
586,P70.2
586,Q61.2
344,A30.3
380,P00.3
392,A20.3
410,C00.3
688,V00.3
301,A01.3
366,N98.3
380,P04.8
386,D51.3
410,C15.3
491,G45.3
640,A66.3
380,P07.3
386,D53.1
526,K31.3
728,Y35.3
301,A39.3
344,A75.3
366,O09.3
521,K70.3
688,V90.3
344,A77.3
380,P24.3
410,C40.3
526,K35.3
542,G24.4
586,D55.3
366,O28.3
380,P36.3
410,C43.3
526,K40.3
586,D59.3
626,M05.3
301,A83.3
366,O40.3
392,A50.3
410,C47.3
344,A98.3
380,P50.3
626,M30.3
301,B05.3
640,L10.3
526,K62.5
558,R78.3
626,M40.3
640,L51.3
366,O99.1
380,P74.3
491,I42.4
521,K76.7
526,K64.3
542,G40.3
640,L97.3
301,G00.3
380,P83.3
410,C69.3
586,D68.3
696,X00.3
344,B65.3
392,A80.3
410,C81.3
491,I51.3
586,D70.3
301,G04.3
410,C88.3
491,I60.3
586,D76.3
392,B00.3
542,G90.3
640,Q10.7
301,J01.3
410,D01.3
491,I67.3
526,K80.3
586,D89.3
640,Q20.3
344,B83.3
410,D02.3
526,K85.3
586,E03.3
640,Q30.3
410,D03.3
526,K90.3
586,E09.3
640,Q37.3
491,I69.3
640,Q50.3
491,I70.5
586,E16.3
640,Q63.3
301,J20.3
491,I71.3
491,I77.3
640,Q89.3
301,P23.3
491,I86.3
410,D10.3
586,E70.3
640,Q95.3
586,E88.3
410,D13.3
410,D14.3
392,B95.3
410,D22.3
586,G97.3
410,D29.3
410,D30.3
410,D31.3
586,I97.3
410,D37.4
586,J70.5
410,D38.3
586,J95.3
586,K43.3
586,K91.3
410,D41.3
586,K94.3
410,D44.3
586,N00.3
586,N14.3
410,D48.3
586,N18.3
392,P35.3
392,P37.3
392,P37.8
586,N34.3
410,N60.3
392,Z16.3
586,N41.3
586,N45.3
586,N49.3
586,N80.3
586,N83.3
586,N99.3
586,Q61.3
344,A30.4
380,P00.4
410,C00.4
296,A15.4
301,A01.4
380,P04.9
410,C15.4
491,G45.4
640,A66.4
386,D53.2
526,K31.4
728,Y35.4
301,A39.4
366,O09.4
521,K70.4
344,A77.4
542,G24.5
366,O28.4
380,P36.4
410,C43.4
526,K40.4
626,M05.4
301,A83.4
392,A50.4
410,C47.4
344,A98.4
380,P50.4
301,B05.4
640,L10.4
521,K75.8
526,K62.6
558,R78.4
626,M40.4
366,O99.2
380,P74.4
491,I42.5
521,K76.8
526,K64.4
542,G40.4
640,L97.4
380,P83.4
410,C69.4
586,D68.4
696,X00.4
392,A80.4
410,C81.4
491,I51.4
586,D70.4
410,C88.4
491,I60.4
392,B00.4
542,G90.4
301,J01.4
526,K80.4
640,Q20.4
344,B83.4
586,E03.4
410,D03.4
526,K90.4
586,E09.4
640,Q37.4
640,Q50.4
491,I70.6
586,E16.4
301,J20.4
491,I71.4
491,I77.4
640,Q89.4
301,P23.4
491,I86.4
410,D10.4
586,E70.4
586,E88.4
410,D13.4
392,B95.4
410,D22.4
586,G97.4
410,D29.4
410,D30.4
410,D31.4
586,I97.4
410,D37.5
410,D38.4
586,J95.4
586,K43.4
410,D41.4
410,D44.4
586,N00.4
586,N14.4
410,D48.4
586,N18.4
392,P37.4
392,P37.9
410,N60.4
586,N36.4
586,N41.4
586,N45.4
586,N80.4
586,N83.4
586,N99.4
586,Q61.4
344,A30.5
380,P00.5
410,C00.5
296,A15.5
380,P05.0
410,C15.5
640,A66.5
526,K31.5
301,A39.5
366,O09.5
508,J30.5
366,O28.5
380,P36.5
410,C43.5
626,M05.5
301,A83.5
392,A50.5
410,C47.5
344,A98.5
380,P50.5
640,L10.5
380,P70.8
521,K75.9
558,R78.5
626,M40.5
366,O99.3
380,P74.5
491,I42.6
521,K76.9
526,K64.5
542,G40.5
640,L97.5
380,P83.5
410,C69.5
586,D68.5
696,X00.5
380,P96.5
491,I60.5
344,B74.8
392,B00.5
542,G90.5
526,K80.5
640,Q20.5
586,E03.5
410,D03.5
586,E09.5
640,Q37.5
640,Q50.5
491,I70.7
301,J20.5
491,I71.5
491,I77.5
392,B33.8
410,D10.5
586,E70.5
640,Q95.5
410,D13.5
392,B95.5
410,D22.5
586,G97.5
410,D31.5
586,I97.5
410,D38.5
586,J95.5
586,K43.5
586,K91.5
410,D44.5
586,N00.5
410,D48.5
586,N18.5
586,N36.5
586,N80.5
586,N83.5
586,N99.5
586,Q61.5
380,P00.6
410,C00.6
296,A15.6
380,P05.1
586,D26.7
640,A66.6
344,A69.8
526,K31.6
366,O09.6
542,G21.8
410,C43.6
626,M05.6
301,A83.6
392,A50.6
410,C47.6
386,E64.8
380,P70.9
521,K76.0
366,O99.4
380,P74.6
491,I42.7
380,P83.6
410,C69.6
586,D68.6
491,I60.6
542,G72.8
344,B74.9
640,Q11.0
526,K80.6
640,Q20.6
410,D03.6
586,E09.6
640,Q50.6
491,I70.8
301,J20.6
491,I71.6
491,I77.6
410,D10.6
410,D13.6
410,D22.6
410,D31.6
586,I97.6
410,D36.7
586,J95.6
586,K43.6
586,K91.6
410,D44.6
586,N00.6
410,D48.6
586,N18.6
586,N80.6
586,N83.6
586,N99.6
380,P00.7
386,D50.8
392,A20.7
296,A15.7
380,P05.2
392,A32.7
640,A66.7
344,A69.9
366,O09.7
542,G21.9
542,G24.8
410,C43.7
626,M05.7
640,I89.8
392,A50.7
386,E64.9
380,P71.0
521,K76.1
366,O99.5
491,I42.8
410,C81.7
491,I60.7
542,G72.9
392,B00.7
640,Q11.1
526,K80.7
410,D03.7
301,J20.7
640,Q86.8
491,I77.7
640,Q89.7
410,D10.7
410,D11.7
410,D13.7
410,D15.7
410,D22.7
586,I97.7
586,J95.7
586,K43.7
586,K91.7
410,D44.7
586,N00.7
410,D47.9
586,N83.7
586,N99.7
344,A30.8
380,P00.8
392,A20.8
410,C00.8
521,B18.8
688,V00.8
296,A15.8
366,N98.8
386,D51.8
392,A32.8
410,C15.8
491,G45.8
526,K20.8
586,D26.9
640,A66.8
366,O00.8
392,A38.8
491,I01.8
728,Y35.8
296,B90.8
301,A39.8
366,O09.8
508,J30.8
626,M00.8
688,V90.8
344,A77.8
366,O20.8
380,P24.8
410,C40.8
491,I05.8
526,K35.8
542,G24.9
586,D55.8
366,O28.8
380,P36.8
410,C43.8
626,M05.8
301,A83.8
386,E51.8
410,C47.8
491,I20.8
521,K72.9
301,B01.8
344,A98.8
380,P50.8
386,E63.8
491,I28.8
526,K50.8
586,D60.8
626,M30.8
640,L08.8
301,B05.8
392,A63.8
491,I30.8
526,K55.8
542,G30.8
626,M34.8
640,L10.8
344,B50.8
380,P71.1
410,C60.8
521,K76.2
640,L51.8
366,O99.6
380,P74.8
508,J84.8
380,P80.8
410,C68.8
508,J91.8
526,K64.8
542,G40.8
640,L97.8
301,G00.8
344,B60.8
380,P83.8
410,C69.8
542,G61.8
586,D68.8
626,M80.8
696,X00.8
301,G03.8
344,B65.8
542,G70.8
586,D70.8
696,X08.8
301,G04.8
344,B69.8
392,A88.8
410,C88.8
491,I60.8
696,X39.8
301,H70.8
392,B00.8
491,I65.8
542,G90.8
626,M88.8
640,Q11.2
301,J01.8
344,B77.8
526,K80.8
542,G95.8
640,Q20.8
344,B83.8
392,B06.8
526,K85.8
586,E03.8
640,Q30.8
392,B10.8
410,D03.8
526,K90.8
586,E09.8
640,Q37.8
301,J16.8
586,E16.8
640,Q63.8
301,J20.8
392,B25.8
491,I71.8
586,E20.8
491,I77.8
586,E36.8
640,Q89.8
491,I86.8
586,E70.8
640,Q95.8
586,E88.8
586,G97.8
410,D29.8
410,D30.8
586,I97.8
586,J95.8
410,D40.8
586,K91.8
410,D41.8
586,N00.8
586,N25.8
410,N60.8
586,N36.8
586,N41.8
586,N49.8
586,N75.8
586,N80.8
586,N83.8
586,N99.8
586,Q61.8
301,A00.9
344,A30.9
380,P00.9
392,A20.9
410,C00.9
521,B18.9
558,F10.9
586,D25.9
696,L55.9
296,A15.9
344,A68.9
366,N98.9
386,D51.9
392,A32.9
410,C15.9
491,G45.9
526,K20.9
558,F18.9
640,A66.9
366,O00.9
392,A38.9
491,I01.9
728,Y35.9
296,B90.9
301,A39.9
344,A75.9
366,O09.9
380,P19.9
508,J30.9
521,K70.9
626,M00.9
696,L58.9
344,A77.9
366,O20.9
380,P24.9
386,E00.9
410,C40.9
491,I05.9
542,G25.0
586,D55.9
696,W00.9
344,A82.9
366,O28.9
380,P36.9
410,C43.9
491,I11.9
526,K40.9
626,M05.9
696,W49.9
301,A83.9
366,O40.9
380,P38.9
386,E51.9
392,A50.9
410,C47.9
491,I20.9
521,K73.0
526,K44.9
301,B01.9
380,P50.9
386,E63.9
392,A60.9
410,C56.9
526,K50.9
586,D60.9
640,L08.9
301,B05.9
491,I30.9
526,K55.9
542,G30.9
626,M34.9
640,L10.9
344,B50.9
380,P71.2
410,C60.9
640,L51.9
366,O99.7
380,P74.9
410,C64.9
508,J84.9
344,B56.9
380,P80.9
526,K64.9
542,G40.9
640,L97.9
380,P83.9
410,C69.9
491,I47.9
542,G61.9
586,D68.9
344,B65.9
392,A80.9
410,C81.9
542,G70.9
586,D70.9
301,G04.9
344,B69.9
380,P96.9
410,C88.9
491,I60.9
526,K68.9
542,G73.1
301,H70.9
392,B00.9
491,I65.9
542,G90.9
626,M88.9
640,Q11.3
301,J01.9
344,B77.9
542,G95.9
640,Q20.9
392,B06.9
526,K85.9
542,M33.9
586,E03.9
640,Q30.9
410,D03.9
526,K90.9
586,E09.9
640,Q37.9
392,B15.9
392,B19.9
586,E16.9
640,Q63.9
301,J20.9
392,B25.9
491,I71.9
586,E20.9
640,Q87.0
491,I77.9
640,Q90.9
586,E70.9
640,Q95.9
392,B47.9
410,D11.9
586,E88.9
410,D15.9
410,D22.9
410,D27.9
586,I12.9
410,D31.9
586,K43.9
410,D42.9
586,N00.9
586,N18.9
586,N20.9
586,N25.9
410,N60.9
586,N36.9
410,N87.9
586,N41.9
586,N49.9
586,N75.9
586,N80.9
586,N83.9
586,Q61.9
586,R73.9
380,P01.0
392,A21.0
586,D26.0
688,V01.0
301,A02.0
386,D52.0
410,C16.0
491,G46.0
526,K21.0
542,G11.0
640,A67.0
366,O01.0
380,P08.0
386,D53.8
410,C31.0
542,G21.0
728,Y36.0
366,O10.0
410,C38.0
508,J31.0
688,V91.0
366,O21.0
380,P25.0
386,E01.0
410,C41.0
491,I06.0
508,J38.0
586,D56.0
696,W01.0
366,O29.0
410,C44.0
526,K41.0
626,M06.0
696,W50.0
301,A84.0
366,O41.0
380,P39.0
392,A51.0
410,C48.0
491,I21.0
508,J66.0
521,K73.1
526,K45.0
640,L01.0
301,B02.0
366,O61.0
380,P51.0
386,E64.0
410,C57.0
526,K51.0
586,D61.0
626,M31.0
491,I31.0
526,K56.0
542,G31.0
626,M35.0
640,L11.0
344,B51.0
380,P71.3
626,M41.0
366,O99.8
542,G36.0
640,L89.0
344,B57.0
380,P81.0
508,J92.0
640,L98.0
410,C70.0
491,I48.0
586,D69.0
626,M81.0
696,X01.0
344,B66.0
380,P91.0
392,A81.0
410,C82.0
542,G71.0
344,B70.0
491,I61.0
640,Q01.0
491,I66.0
626,M89.0
526,K81.0
640,Q21.0
526,K86.0
586,E04.0
640,Q31.0
410,D04.0
640,Q38.0
301,J10.0
392,B16.0
640,Q51.0
640,Q64.0
301,J21.0
392,B26.0
491,I72.0
586,E21.0
640,Q87.1
491,I78.0
491,I87.0
586,E66.0
640,Q91.0
586,E71.0
640,Q96.0
392,B48.0
410,D12.0
586,E89.0
410,D16.0
410,D23.0
586,I13.0
410,D32.0
586,K95.0
410,D43.0
586,N01.0
410,D46.0
586,N11.0
586,N15.0
586,N21.0
586,N30.0
586,N76.0
586,N81.0
586,Q62.0
380,P01.1
392,A21.1
558,F11.1
688,V01.1
301,A02.1
410,C16.1
491,G46.1
542,G11.1
558,F19.1
640,A67.1
366,O01.1
380,P08.1
386,D53.9
410,C31.1
728,Y36.1
366,O10.1
410,C38.1
508,J31.1
688,V91.1
366,O21.1
380,P25.1
386,E01.1
410,C41.1
491,I06.1
508,J38.1
586,D56.1
696,W01.1
366,O29.1
410,C44.1
526,K41.1
626,M06.1
696,W50.1
301,A84.1
366,O41.1
380,P39.1
392,A51.1
410,C48.1
491,I21.1
508,J66.1
521,K73.2
526,K45.1
640,L01.1
301,B02.1
366,O61.1
410,C57.1
586,D61.1
626,M31.1
491,I31.1
526,K56.1
542,G31.1
626,M35.1
640,L11.1
380,P71.4
626,M41.1
410,C65.1
542,G36.1
640,L89.1
344,B57.1
640,L98.1
410,C70.1
491,I48.1
586,D69.1
696,X01.1
344,B66.1
380,P91.1
392,A81.1
410,C82.1
542,G71.1
344,B70.1
491,I61.1
542,G73.3
640,Q01.1
491,I66.1
526,K81.1
640,Q21.1
526,K86.1
586,E04.1
640,Q31.1
410,D04.1
586,E10.1
640,Q38.1
301,J10.1
392,B16.1
640,Q51.1
640,Q64.1
301,J21.1
392,B26.1
491,I72.1
586,E21.1
640,Q87.2
491,I78.1
491,I87.1
586,E66.1
640,Q91.1
586,E71.1
640,Q96.1
392,B48.1
410,D12.1
586,E89.1
410,D16.1
410,D23.1
586,I13.1
410,D32.1
410,D43.1
586,N01.1
410,D46.1
586,N11.1
586,N15.1
586,N21.1
586,N26.1
586,N30.1
586,N76.1
586,N81.1
586,Q62.1
380,P01.2
392,A21.2
558,F11.2
301,A02.2
410,C16.2
491,G46.2
542,G11.2
558,F19.2
640,A67.2
380,P08.2
410,C31.2
728,Y36.2
366,O10.2
410,C38.2
508,J31.2
688,V91.2
366,O21.2
380,P25.2
386,E01.2
410,C41.2
491,I06.2
508,J38.2
586,D56.2
366,O29.2
410,C44.2
526,K41.2
626,M06.2
696,W50.2
380,P39.2
392,A51.2
410,C48.2
491,I21.2
508,J66.2
301,B02.2
410,C57.2
526,K51.2
586,D61.2
626,M31.2
526,K56.2
626,M35.2
491,I33.0
626,M41.2
410,C65.2
640,L89.2
344,B57.2
640,L98.2
491,I48.2
586,D69.2
344,B66.2
380,P91.2
392,A81.2
410,C82.2
542,G71.2
491,I61.2
640,Q01.2
491,I66.2
526,K81.2
640,Q21.2
526,K86.2
586,E04.2
640,Q31.2
410,D04.2
586,E10.2
640,Q38.2
301,J10.2
392,B16.2
640,Q51.2
640,Q64.2
392,B26.2
491,I72.2
586,E21.2
640,Q87.3
491,I87.2
586,E66.2
640,Q91.2
586,E71.2
640,Q96.2
392,B48.2
410,D12.2
586,E89.2
410,D16.2
410,D23.2
586,I13.2
410,D43.2
586,N01.2
410,D46.2
586,N26.2
586,N30.2
586,N76.2
586,N81.2
586,Q62.2
380,P01.3
392,A21.3
410,C16.3
491,G46.3
542,G11.3
640,A67.3
410,C31.3
728,Y36.3
366,O10.3
410,C38.3
688,V91.3
380,P25.3
410,C41.3
508,J38.3
586,D56.3
366,O29.3
410,C44.3
526,K41.3
626,M06.3
696,W50.3
380,P39.3
392,A51.3
491,I21.3
301,B02.3
410,C57.3
526,K51.3
586,D61.3
626,M31.3
526,K56.3
626,M35.3
626,M41.3
640,L89.3
344,B57.3
640,L98.3
491,I48.3
586,D69.3
696,X01.3
344,B66.3
380,P91.3
410,C82.3
542,G71.3
301,G05.3
491,I61.3
491,I66.3
640,Q21.3
526,K86.3
640,Q31.3
410,D04.3
586,E10.3
640,Q38.3
640,Q51.3
640,Q64.3
392,B26.3
491,I72.3
586,E21.3
640,Q87.4
491,I87.3
586,E66.3
640,Q91.3
586,E71.3
640,Q96.3
392,B48.3
410,D12.3
586,E89.3
410,D16.3
410,D23.3
410,D43.3
586,N01.3
586,N30.3
586,N76.3
586,N81.3
586,Q62.3
380,P01.4
380,P05.9
410,C16.4
491,G46.4
542,G11.4
728,Y36.4
366,O10.4
410,C38.4
410,C41.4
508,J38.4
586,D56.4
366,O29.4
410,C44.4
526,K41.4
626,M06.4
696,W50.4
380,P39.4
392,A51.4
491,I21.4
410,C57.4
526,K51.4
626,M31.4
526,K56.4
626,M35.4
626,M41.4
640,L89.4
344,B57.4
640,L98.4
491,I48.4
586,D69.4
696,X01.4
344,B66.4
380,P91.4
410,C82.4
301,G05.4
491,I61.4
640,Q21.4
410,D04.4
586,E10.4
640,Q38.4
640,Q51.4
640,Q64.4
491,I72.4
586,E21.4
640,Q87.5
640,Q91.4
586,E71.4
640,Q96.4
392,B48.4
410,D12.4
586,E89.4
410,D16.4
410,D23.4
410,D43.4
586,N01.4
410,D46.4
586,N30.4
586,N76.4
586,N81.4
586,Q62.4
380,P01.5
542,F01.5
410,C16.5
491,G46.5
728,Y36.5
508,J38.5
586,D56.5
366,O29.5
410,C44.5
392,A51.5
526,K51.5
626,M31.5
526,K56.5
626,M35.5
380,P71.8
626,M41.5
640,L89.5
344,B57.5
586,D69.5
344,B66.5
380,P91.5
410,C82.5
491,I61.5
542,G73.7
640,Q31.5
410,D04.5
586,E10.5
640,Q38.5
640,Q51.5
640,Q64.5
586,E21.5
640,Q91.5
586,E71.5
410,D12.5
586,E89.5
410,D16.5
410,D23.5
586,N01.5
586,N76.5
586,N81.5
586,Q62.5
380,P01.6
410,C16.6
491,G46.6
728,Y36.6
508,J38.6
366,O29.6
410,C44.6
626,M31.6
526,K56.6
626,M35.6
380,P71.9
640,L89.6
586,D69.6
626,M81.6
380,P91.6
410,C82.6
491,I61.6
640,Q12.0
410,D04.6
586,E10.6
640,Q38.6
640,Q51.6
640,Q64.6
640,Q91.6
410,D12.6
586,E89.6
410,D16.6
410,D23.6
586,N01.6
586,N76.6
586,N81.6
586,Q62.6
380,P01.7
392,A21.7
491,G46.7
728,Y36.7
508,J38.7
410,C44.7
521,K73.8
301,B02.7
410,C57.7
626,M31.7
526,K56.7
626,M35.7
380,P72.0
640,Q12.1
410,D04.7
640,Q38.7
640,Q51.7
640,Q64.7
640,Q87.8
640,Q91.7
410,D12.7
410,D16.7
410,D23.7
586,N01.7
586,Q62.7
380,P01.8
392,A21.8
301,A02.8
410,C16.8
491,G46.8
542,G11.8
410,C31.8
728,Y36.8
410,C38.8
542,G23.0
688,V91.8
366,O21.8
380,P25.8
386,E01.8
491,I06.8
586,D56.8
366,O29.8
410,C44.8
626,M06.8
301,A84.8
366,O41.8
380,P39.8
410,C48.8
508,J66.8
521,K73.9
526,K45.8
301,B02.8
366,O61.8
380,P51.8
410,C57.8
526,K51.8
586,D61.8
626,M31.8
626,M35.8
640,L11.8
344,B51.8
380,P72.1
626,M41.8
542,G36.8
640,L89.8
380,P81.8
586,D69.8
626,M81.8
696,X01.8
344,B66.8
380,P91.8
392,A81.8
410,C82.8
542,G71.8
491,I61.8
640,Q01.8
491,I66.8
640,Q12.2
640,Q21.8
526,K86.8
586,E04.8
640,Q31.8
410,D04.8
586,E10.8
640,Q38.8
301,J10.8
640,Q51.8
640,Q64.8
301,J21.8
392,B26.8
491,I72.8
491,I78.8
491,I87.8
586,E66.8
640,Q96.8
392,B48.8
410,D12.8
586,E89.8
410,D16.8
586,K95.8
410,D43.8
586,N01.8
586,N11.8
586,N15.8
586,N21.8
586,N30.8
586,N76.8
586,N81.8
586,Q62.8
380,P01.9
392,A21.9
558,F11.9
688,V01.9
301,A02.9
410,C16.9
526,K21.9
542,G11.9
558,F19.9
640,A67.9
366,O01.9
410,C31.9
728,Y36.9
366,O10.9
542,G23.1
366,O21.9
410,C41.9
491,I06.9
586,D56.9
366,O29.9
410,C44.9
526,K41.9
626,M06.9
301,A84.9
366,O41.9
380,P39.9
392,A51.9
521,K74.0
301,B02.9
366,O61.9
380,P51.9
526,K51.9
586,D61.9
626,M31.9
626,M35.9
640,L11.9
344,B51.9
380,P72.2
626,M41.9
410,C65.9
542,G36.9
640,L89.9
380,P81.9
508,J92.9
410,C70.9
491,I48.9
344,B66.9
380,P91.9
392,A81.9
410,C82.9
542,G71.9
491,I61.9
640,Q01.9
491,I66.9
640,Q12.3
526,K81.9
640,Q21.9
526,K86.9
586,E04.9
640,Q31.9
410,D04.9
586,E10.9
392,B16.9
640,Q51.9
640,Q64.9
301,J21.9
392,B26.9
491,I72.9
491,I78.9
491,I87.9
586,E66.9
640,Q96.9
410,D12.9
410,D16.9
410,D23.9
410,D32.9
410,D43.9
586,N01.9
410,D46.9
586,N11.9
586,N15.9
586,N21.9
586,N26.9
586,N30.9
586,N81.9
380,P02.0
392,A22.0
410,C02.0
688,V02.0
296,A17.0
301,A03.0
410,C17.0
526,K22.0
542,G12.0
366,O02.0
410,C32.0
717,Y02.0
728,Y37.0
508,J32.0
542,G23.2
626,M02.0
688,V92.0
344,A79.0
366,O22.0
380,P26.0
491,I07.0
508,J39.0
586,D57.0
366,O30.0
410,C45.0
508,J62.0
526,K42.0
301,A85.0
344,A92.0
366,O42.0
386,E53.0
392,A52.0
410,C49.0
491,I22.0
508,J67.0
521,K74.1
526,K46.0
640,L02.0
366,O62.0
380,P52.0
526,K52.0
626,M32.0
526,K57.0
626,M36.0
640,L12.0
344,B52.0
366,O98.0
410,C62.0
626,M42.0
380,P76.0
542,G37.0
410,C71.0
696,X02.0
344,B67.0
380,P92.0
410,C83.0
542,G72.0
586,D72.0
696,X10.0
344,B71.0
410,C90.0
491,I62.0
586,D78.0
640,Q12.4
526,K82.0
640,Q22.0
586,E05.0
640,Q32.0
410,D05.0
586,E11.0
640,Q39.0
301,J11.0
392,B17.0
640,Q52.0
640,Q65.0
392,B27.0
491,I73.0
586,E22.0
491,I79.0
491,I88.0
586,E67.0
640,Q92.0
586,E72.0
640,Q97.0
410,D33.0
586,N02.0
410,D47.0
586,N27.0
586,N31.0
586,N77.0
380,P02.1
392,A22.1
410,C02.1
558,F12.1
688,V02.1
296,A17.1
301,A03.1
410,C17.1
526,K22.1
542,G12.1
366,O02.1
410,C32.1
717,Y02.1
728,Y37.1
366,O11.1
508,J32.1
626,M02.1
688,V92.1
344,A79.1
366,O22.1
380,P26.1
491,I07.1
508,J39.1
586,D57.1
366,O30.1
410,C45.1
526,K42.1
301,A85.1
344,A92.1
366,O42.1
386,E53.1
392,A52.1
410,C49.1
491,I22.1
508,J67.1
521,K74.2
526,K46.1
640,L02.1
366,O62.1
380,P52.1
526,K52.1
626,M32.1
526,K57.1
626,M36.1
640,L12.1
366,O98.1
410,C62.1
491,I33.9
626,M42.1
380,P76.1
410,C66.1
542,G37.1
410,C71.1
696,X02.1
344,B67.1
380,P92.1
410,C83.1
542,G72.1
586,D72.1
696,X10.1
344,B71.1
410,C90.1
491,I62.1
586,D78.1
526,K82.1
640,Q22.1
586,E05.1
640,Q32.1
410,D05.1
640,Q39.1
301,J11.1
392,B17.1
640,Q52.1
640,Q65.1
392,B27.1
491,I73.1
586,E22.1
491,I79.1
491,I88.1
586,E67.1
640,Q92.1
586,E72.1
640,Q97.1
410,D24.1
410,D33.1
586,N02.1
586,N27.1
586,N31.1
586,N77.1
380,P02.2
392,A22.2
410,C02.2
558,F12.2
301,A03.2
410,C17.2
526,K22.2
542,G12.2
410,C32.2
728,Y37.2
366,O11.2
508,J32.2
626,M02.2
688,V92.2
366,O22.2
491,I07.2
508,J39.2
586,D57.2
366,O30.2
410,C45.2
301,A85.2
344,A92.2
392,A52.2
410,C49.2
491,I22.2
508,J67.2
521,K74.3
640,L02.2
366,O62.2
380,P52.2
526,K52.2
526,K57.2
626,M36.2
640,L12.2
366,O98.2
491,I34.0
380,P76.2
410,C66.2
542,G37.2
410,C71.2
696,X02.2
344,B67.2
380,P92.2
696,X10.2
410,C90.2
586,D78.2
526,K82.2
640,Q22.2
586,E05.2
640,Q32.2
586,E11.2
640,Q39.2
301,J11.2
392,B17.2
640,Q52.2
640,Q65.2
586,E22.2
586,E67.2
640,Q92.2
586,E72.2
640,Q97.2
410,D24.2
410,D33.2
586,N02.2
586,N31.2
380,P02.3
410,C02.3
301,A03.3
410,C17.3
526,K22.3
410,C32.3
728,Y37.3
366,O11.3
508,J32.3
626,M02.3
366,O22.3
508,J39.3
586,D57.3
344,A92.3
392,A52.3
410,C49.3
508,J67.3
521,K74.4
640,L02.3
366,O62.3
380,P52.3
526,K57.3
626,M36.3
640,L12.3
366,O98.3
491,I34.1
542,G37.3
410,C71.3
696,X02.3
344,B67.3
380,P92.3
410,C83.3
410,C90.3
526,K82.3
640,Q22.3
586,E05.3
640,Q32.3
586,E11.3
640,Q39.3
640,Q52.3
640,Q65.3
586,E67.3
586,E72.3
640,Q97.3
410,D33.3
586,N02.3
380,P02.4
410,C02.4
526,K22.4
728,Y37.4
508,J32.4
366,O22.4
586,D57.4
344,A92.4
410,C49.4
508,J67.4
521,K74.5
640,L02.4
366,O62.4
380,P52.4
526,K57.4
626,M36.4
366,O98.4
491,I34.2
542,G37.4
410,C71.4
696,X02.4
344,B67.4
380,P92.4
640,Q12.8
526,K82.4
640,Q22.4
586,E05.4
640,Q32.4
586,E11.4
640,Q39.4
640,Q52.4
640,Q65.4
586,E72.4
410,D33.4
586,N02.4
380,P02.5
526,K22.5
728,Y37.5
366,O22.5
410,C49.5
508,J67.5
521,K74.6
640,L02.5
380,P52.5
526,K57.5
366,O98.5
380,P72.8
542,G37.5
410,C71.5
696,X02.5
344,B67.5
380,P92.5
410,C83.5
640,Q12.9
640,Q22.5
586,E11.5
640,Q39.5
640,Q52.5
640,Q65.5
640,Q92.5
586,E72.5
586,N02.5
380,P02.6
526,K22.6
728,Y37.6
542,G23.8
626,M07.6
410,C49.6
508,J67.6
640,L02.6
380,P52.6
366,O98.6
380,P72.9
410,C71.6
344,B67.6
380,P92.6
640,Q13.0
640,Q22.6
586,E11.6
640,Q39.6
640,Q52.6
640,Q65.6
640,Q92.6
586,N02.6
380,P02.7
392,A22.7
526,K22.7
728,Y37.7
542,G23.9
410,C45.7
392,A52.7
508,J67.7
410,C71.7
344,B67.7
410,C83.7
640,Q13.1
640,Q52.7
640,Q92.7
410,D33.7
586,N02.7
380,P02.8
392,A22.8
410,C02.8
542,F02.8
296,A17.8
301,A03.8
410,C17.8
526,K22.8
542,G12.8
366,O02.8
410,C32.8
717,Y02.8
508,J32.8
542,G24.0
626,M02.8
344,A79.8
366,O22.8
380,P26.8
491,I07.8
508,J39.8
586,D57.8
366,O30.8
508,J62.8
301,A85.8
344,A92.8
386,E53.8
392,A52.8
410,C49.8
491,I22.8
508,J67.8
640,L02.8
366,O62.8
380,P52.8
526,K52.8
626,M32.8
526,K57.8
626,M36.8
640,L12.8
344,B52.8
380,P76.8
542,G37.8
410,C71.8
696,X02.8
344,B67.8
380,P92.8
410,C83.8
586,D72.8
344,B71.8
586,D78.8
640,Q13.2
526,K82.8
640,Q22.8
586,E05.8
410,D05.8
586,E11.8
640,Q39.8
301,J11.8
392,B17.8
640,Q52.8
640,Q65.8
392,B27.8
491,I73.8
586,E22.8
491,I79.8
491,I88.8
586,E67.8
640,Q92.8
586,E72.8
640,Q97.8
586,N02.8
586,N31.8
380,P02.9
392,A22.9
410,C02.9
558,F12.9
688,V02.9
296,A17.9
301,A03.9
410,C17.9
526,K22.9
542,G12.9
366,O02.9
410,C32.9
728,Y37.9
366,O11.9
508,J32.9
626,M02.9
344,A79.9
366,O22.9
380,P26.9
491,I07.9
508,J39.9
366,O30.9
410,C45.9
526,K42.9
344,A92.9
366,O42.9
386,E53.9
392,A52.9
410,C49.9
491,I22.9
508,J67.9
526,K46.9
640,L02.9
366,O62.9
380,P52.9
526,K52.9
626,M32.9
526,K57.9
640,L12.9
344,B52.9
410,C62.9
626,M42.9
380,P76.9
410,C66.9
542,G37.9
410,C71.9
344,B67.9
380,P92.9
410,C83.9
586,D72.9
344,B71.9
491,I62.9
640,Q13.3
526,K82.9
640,Q22.9
586,E05.9
410,D05.9
586,E11.9
640,Q39.9
392,B17.9
640,Q52.9
640,Q65.9
392,B27.9
491,I73.9
586,E22.9
491,I88.9
640,Q92.9
586,E72.9
640,Q97.9
410,D24.9
410,D33.9
586,N02.9
586,N27.9
586,N31.9
380,P03.0
392,A23.0
410,C03.0
688,V03.0
296,A18.0
301,A04.0
410,C18.0
542,G13.0
728,X36.0
301,A36.0
366,O03.0
380,P10.0
717,Y03.0
728,Y38.0
366,O12.0
380,P22.0
508,J33.0
688,V93.0
366,O23.0
380,P27.0
491,I08.0
526,K38.0
586,D58.0
366,O31.0
508,J63.0
626,M08.0
344,A93.0
366,O43.0
392,A53.0
410,C50.0
491,I23.0
508,J68.0
640,L03.0
366,O63.0
526,K58.0
640,L13.0
344,B53.0
410,C63.0
491,I34.8
626,M43.0
696,W86.0
410,C67.0
410,C72.0
696,X03.0
380,P93.0
410,C84.0
586,D73.0
696,X11.0
410,C91.0
491,I63.0
640,Q03.0
640,Q13.4
526,K83.0
640,Q23.0
586,E06.0
640,Q33.0
410,D06.0
640,Q40.0
301,J12.0
640,Q53.0
640,Q66.0
586,E23.0
491,I80.0
491,I89.0
640,Q93.0
586,E73.0
640,Q98.0
586,N03.0
586,N28.0
586,N32.0
380,P03.1
392,A23.1
410,C03.1
558,F13.1
688,V03.1
296,A18.1
301,A04.1
410,C18.1
542,G13.1
728,X36.1
301,A36.1
366,O03.1
380,P10.1
728,Y38.1
366,O12.1
380,P22.1
508,J33.1
688,V93.1
366,O23.1
380,P27.1
491,I08.1
526,K38.1
586,D58.1
366,O31.1
508,J63.1
626,M08.1
344,A93.1
366,O43.1
410,C50.1
491,I23.1
508,J68.1
640,L03.1
366,O63.1
640,L13.1
344,B53.1
410,C63.1
491,I34.9
626,M43.1
696,W86.1
380,P77.1
410,C67.1
410,C72.1
696,X03.1
410,C84.1
586,D73.1
696,X11.1
410,C91.1
491,I63.1
640,Q03.1
640,Q13.5
526,K83.1
640,Q23.1
586,E06.1
640,Q33.1
410,D06.1
640,Q40.1
301,J12.1
640,Q53.1
640,Q66.1
586,E23.1
491,I80.1
640,Q93.1
586,E73.1
640,Q98.1
586,N03.1
586,N28.1
380,P03.2
392,A23.2
558,F13.2
296,A18.2
301,A04.2
410,C18.2
542,G13.2
301,A36.2
366,O03.2
380,P10.2
728,Y38.2
366,O12.2
688,V93.2
366,O23.2
491,I08.2
526,K38.2
586,D58.2
366,O31.2
508,J63.2
626,M08.2
344,A93.2
366,O43.2
410,C50.2
491,I23.2
508,J68.2
640,L03.2
366,O63.2
410,C63.2
491,I35.0
380,P77.2
410,C67.2
410,C72.2
586,D73.2
491,I63.2
526,K83.2
640,Q23.2
586,E06.2
640,Q33.2
640,Q40.2
301,J12.2
640,Q53.2
640,Q66.2
586,E23.2
491,I80.2
640,Q93.2
586,N03.2
380,P03.3
392,A23.3
296,A18.3
301,A04.3
410,C18.3
301,A36.3
366,O03.3
380,P10.3
728,Y38.3
688,V93.3
366,O23.3
491,I08.3
526,K38.3
366,O31.3
508,J63.3
626,M08.3
410,C50.3
491,I23.3
508,J68.3
640,L03.3
491,I35.1
380,P77.3
410,C67.3
410,C72.3
696,X03.3
586,D73.3
410,C91.3
491,I63.3
526,K83.3
640,Q23.3
586,E06.3
640,Q33.3
640,Q40.3
301,J12.3
640,Q66.3
586,E23.3
491,I80.3
640,Q93.3
640,Q98.3
586,N03.3
380,P03.4
296,A18.4
301,A04.4
410,C18.4
366,O03.4
380,P10.4
728,Y38.4
688,V93.4
366,O23.4
508,J63.4
626,M08.4
410,C50.4
491,I23.4
508,J68.4
491,I35.2
410,C67.4
410,C72.4
696,X03.4
410,C84.4
586,D73.4
410,C91.4
491,I63.4
640,Q13.8
526,K83.4
640,Q23.4
586,E06.4
640,Q33.4
640,Q66.4
640,Q93.4
640,Q98.4
586,N03.4
380,P03.5
296,A18.5
301,A04.5
410,C18.5
366,O03.5
728,Y38.5
688,V93.5
366,O23.5
508,J63.5
410,C50.5
491,I23.5
410,C67.5
410,C72.5
586,D73.5
410,C91.5
491,I63.5
640,Q13.9
526,K83.5
586,E06.5
640,Q33.5
640,Q66.5
640,Q93.5
640,Q98.5
586,N03.5
380,P03.6
296,A18.6
301,A04.6
410,C18.6
366,O03.6
728,Y38.6
688,V93.6
508,J63.6
410,C50.6
491,I23.6
410,C67.6
410,C84.6
410,C91.6
491,I63.6
640,Q14.0
640,Q33.6
640,Q66.6
586,E23.6
640,Q98.6
586,N03.6
296,A18.7
301,A04.7
410,C18.7
366,O03.7
728,Y38.7
491,I23.7
410,C63.7
410,C67.7
410,C84.7
640,Q14.1
410,D06.7
640,Q66.7
586,E23.7
640,Q93.7
640,Q98.7
586,N03.7
380,P03.8
392,A23.8
296,A18.8
301,A04.8
410,C18.8
542,G13.8
301,A36.8
366,O03.8
380,P10.8
717,Y03.8
728,Y38.8
380,P22.8
508,J33.8
688,V93.8
380,P27.8
491,I08.8
526,K38.8
586,D58.8
366,O31.8
626,M08.8
344,A93.8
366,O43.8
410,C50.8
491,I23.8
508,J68.8
640,L03.8
640,L13.8
344,B53.8
410,C63.8
696,W86.8
410,C67.8
696,X03.8
380,P93.8
586,D73.8
696,X11.8
491,I63.8
640,Q03.8
640,Q14.2
526,K83.8
640,Q23.8
640,Q33.8
640,Q40.8
301,J12.8
640,Q66.8
491,I80.8
640,Q93.8
586,E73.8
640,Q98.8
586,N03.8
380,P03.9
392,A23.9
410,C03.9
542,F03.9
558,F13.9
688,V03.9
301,A04.9
410,C18.9
301,A36.9
366,O03.9
380,P10.9
728,Y38.9
380,P22.9
508,J33.9
366,O23.9
380,P27.9
491,I08.9
526,K38.9
586,D58.9
626,M08.9
366,O43.9
392,A53.9
410,C50.9
508,J68.9
640,L03.9
366,O63.9
526,K58.9
640,L13.9
380,P77.9
410,C67.9
410,C72.9
410,C84.9
586,D73.9
410,C91.9
491,I63.9
640,Q03.9
640,Q14.3
526,K83.9
640,Q23.9
586,E06.9
640,Q33.9
410,D06.9
640,Q40.9
301,J12.9
640,Q53.9
640,Q66.9
491,I80.9
640,Q93.9
586,E73.9
640,Q98.9
586,N03.9
380,P04.0
392,A24.0
410,C04.0
688,V04.0
296,A19.0
301,A05.0
728,X37.0
301,A37.0
380,P11.0
410,C34.0
717,Y04.0
508,J34.0
688,V94.0
366,O24.0
380,P28.0
491,I09.0
508,J41.0
366,O32.0
386,E44.0
696,W53.0
301,A87.0
366,O44.0
386,E55.0
392,A54.0
410,C51.0
491,I24.0
640,L04.0
366,O64.0
380,P54.0
526,K59.0
491,I35.8
380,P78.0
380,P94.0
586,D74.0
410,C92.0
640,Q04.0
640,Q24.0
586,E07.0
640,Q34.0
586,E13.0
640,Q41.0
640,Q54.0
640,Q67.0
586,E24.0
586,E74.0
640,Q99.0
410,D35.0
586,N04.0
380,P04.1
392,A24.1
410,C04.1
558,F14.1
688,V04.1
296,A19.1
301,A05.1
728,X37.1
301,A37.1
380,P11.1
410,C34.1
717,Y04.1
366,O13.1
508,J34.1
688,V94.1
366,O24.1
380,P28.1
491,I09.1
508,J41.1
366,O32.1
386,E44.1
696,W53.1
301,A87.1
366,O44.1
392,A54.1
410,C51.1
491,I24.1
640,L04.1
366,O64.1
380,P54.1
526,K59.1
491,I35.9
380,P78.1
380,P94.1
410,C85.1
410,C92.1
640,Q04.1
640,Q24.1
586,E07.1
640,Q34.1
586,E13.1
640,Q41.1
640,Q54.1
640,Q67.1
586,E24.1
586,E74.1
640,Q99.1
410,D35.1
586,N04.1
380,P04.2
392,A24.2
558,F14.2
296,A19.2
301,A05.2
728,X37.2
380,P11.2
410,C34.2
717,Y04.2
366,O13.2
508,J34.2
688,V94.2
380,P28.2
491,I09.2
366,O32.2
696,W53.2
301,A87.2
392,A54.2
410,C51.2
640,L04.2
366,O64.2
380,P54.2
526,K59.2
491,I36.0
380,P78.2
380,P94.2
410,C85.2
410,C92.2
640,Q04.2
640,Q24.2
586,E13.2
640,Q41.2
640,Q54.2
640,Q67.2
586,E24.2
586,E74.2
640,Q99.2
410,D35.2
586,N04.2
392,A24.3
301,A05.3
728,X37.3
380,P11.3
410,C34.3
366,O13.3
508,J34.3
688,V94.3
366,O24.3
380,P28.3
366,O32.3
392,A54.3
640,L04.3
366,O64.3
380,P54.3
526,K59.3
491,I36.1
380,P78.3
410,C92.3
640,Q04.3
640,Q24.3
586,E13.3
640,Q54.3
640,Q67.3
586,E24.3
586,E74.3
410,D35.3
586,N04.3
301,A05.4
728,X37.4
380,P11.4
688,V94.4
366,O24.4
380,P28.4
366,O32.4
392,A54.4
366,O64.4
380,P54.4
526,K59.4
491,I36.2
410,C92.4
640,Q04.4
640,Q14.8
640,Q24.4
586,E13.4
640,Q54.4
640,Q67.4
586,E24.4
586,E74.4
410,D35.4
586,N04.4
301,A05.5
366,O04.5
380,P11.5
380,P28.5
392,A54.5
366,O64.5
380,P54.5
410,C92.5
640,Q04.5
640,Q14.9
640,Q24.5
586,E13.5
640,Q67.5
410,D35.5
586,N04.5
366,O04.6
366,O32.6
392,A54.6
380,P54.6
410,C92.6
640,Q04.6
640,Q15.0
640,Q24.6
586,E13.6
640,Q67.6
410,D35.6
586,N04.6
366,O04.7
640,Q67.7
410,D35.7
586,N04.7
410,C04.8
296,A19.8
301,A05.8
728,X37.8
301,A37.8
366,O04.8
410,C34.8
717,Y04.8
508,J34.8
688,V94.8
366,O24.8
380,P28.8
491,I09.8
508,J41.8
366,O32.8
696,W53.8
301,A87.8
392,A54.8
410,C51.8
491,I24.8
640,L04.8
366,O64.8
380,P54.8
526,K59.8
380,P78.8
380,P94.8
410,C85.8
586,D74.8
640,Q04.8
640,Q24.8
640,Q34.8
586,E13.8
640,Q41.8
640,Q54.8
640,Q67.8
586,E24.8
586,E74.8
640,Q99.8
586,N04.8
392,A24.9
410,C04.9
558,F14.9
688,V04.9
296,A19.9
301,A05.9
728,X37.9
301,A37.9
380,P11.9
410,C34.9
366,O13.9
508,J34.9
688,V94.9
366,O24.9
380,P28.9
491,I09.9
366,O32.9
301,A87.9
386,E55.9
392,A54.9
410,C51.9
491,I24.9
640,L04.9
366,O64.9
380,P54.9
526,K59.9
380,P78.9
380,P94.9
410,C85.9
586,D74.9
410,C92.9
640,Q04.9
640,Q24.9
640,Q34.9
586,E13.9
640,Q41.9
640,Q54.9
586,E24.9
586,E74.9
410,D35.9
586,N04.9
392,A25.0
410,C05.0
688,V05.0
301,A06.0
526,K25.0
717,X71.0
380,P12.0
366,O14.0
508,J35.0
688,V95.0
380,P29.0
696,W05.0
366,O33.0
696,W54.0
344,A95.0
366,O45.0
386,E56.0
640,L05.0
366,O65.0
380,P55.0
526,K60.0
491,I36.8
696,W88.0
410,C74.0
410,C86.0
586,D75.0
696,X13.0
410,C93.0
640,Q05.0
640,Q25.0
640,Q42.0
640,Q55.0
640,Q68.0
586,E25.0
491,I82.0
586,E75.0
410,D36.0
586,N05.0
392,A25.1
410,C05.1
558,F15.1
688,V05.1
301,A06.1
526,K25.1
717,X71.1
380,P12.1
366,O14.1
508,J35.1
688,V95.1
366,O25.1
380,P29.1
696,W05.1
366,O33.1
696,W54.1
344,A95.1
386,E56.1
491,I25.1
366,O65.1
380,P55.1
526,K60.1
491,I36.9
696,W88.1
410,C74.1
410,C86.1
586,D75.1
696,X13.1
410,C93.1
640,Q05.1
640,Q25.1
640,Q35.1
640,Q42.1
640,Q55.1
640,Q68.1
491,I82.1
586,E75.1
586,N05.1
410,C05.2
558,F15.2
301,A06.2
526,K25.2
717,X71.2
380,P12.2
366,O14.2
508,J35.2
688,V95.2
366,O25.2
380,P29.2
696,W05.2
366,O33.2
491,I25.2
366,O65.2
526,K60.2
491,I37.0
410,C86.2
640,Q05.2
640,Q25.2
640,Q42.2
640,Q55.2
640,Q68.2
491,I82.2
586,E75.2
586,N05.2
301,A06.3
526,K25.3
717,X71.3
380,P12.3
508,J35.3
688,V95.3
366,O25.3
380,P29.3
366,O33.3
491,I25.3
366,O65.3
526,K60.3
491,I37.1
410,C86.3
410,C93.3
640,Q05.3
640,Q25.3
640,Q35.3
640,Q42.3
640,Q55.3
640,Q68.3
491,I82.3
586,E75.3
586,N05.3
301,A06.4
526,K25.4
380,P12.4
688,V95.4
380,P29.4
366,O33.4
491,I25.4
366,O65.4
526,K60.4
491,I37.2
410,C86.4
640,Q05.4
640,Q15.8
640,Q25.4
640,Q55.4
640,Q68.4
491,I82.4
586,E75.4
586,N05.4
301,A06.5
526,K25.5
366,O33.5
491,I25.5
366,O65.5
526,K60.5
410,C86.5
640,Q05.5
640,Q15.9
640,Q25.5
640,Q35.5
640,Q55.5
640,Q68.5
491,I82.5
586,E75.5
586,N05.5
301,A06.6
526,K25.6
366,O33.6
491,I25.6
410,C86.6
640,Q05.6
640,Q16.0
640,Q25.6
640,Q55.6
640,Q68.6
491,I82.6
586,E75.6
586,N05.6
301,A06.7
526,K25.7
366,O33.7
491,I25.7
640,Q05.7
640,Q16.1
640,Q25.7
640,Q35.7
640,Q55.7
491,I82.7
586,N05.7
410,C05.8
301,A06.8
717,X71.8
380,P12.8
508,J35.8
688,V95.8
380,P29.8
366,O33.8
696,W54.8
366,O45.8
386,E56.8
491,I25.8
366,O65.8
380,P55.8
696,W88.8
586,D75.8
640,Q05.8
640,Q16.2
640,Q25.8
640,Q42.8
640,Q55.8
640,Q68.8
586,E25.8
491,I82.8
586,N05.8
392,A25.9
410,C05.9
558,F15.9
688,V05.9
301,A06.9
526,K25.9
717,X71.9
380,P12.9
366,O14.9
508,J35.9
688,V95.9
380,P29.9
366,O33.9
344,A95.9
366,O45.9
386,E56.9
491,I25.9
640,L05.9
366,O65.9
380,P55.9
410,C74.9
410,C93.9
640,Q05.9
640,Q16.3
640,Q25.9
640,Q35.9
640,Q42.9
640,Q55.9
586,E25.9
491,I82.9
410,D36.9
586,N05.9
392,A26.0
410,C06.0
688,V06.0
301,A07.0
410,C21.0
526,K26.0
380,P13.0
366,O15.0
688,V96.0
366,O26.0
508,J43.0
366,O34.0
696,W55.0
344,A96.0
366,O46.0
392,A56.0
410,C53.0
366,O66.0
380,P56.0
366,O86.0
526,K61.0
491,I37.8
696,W89.0
410,C75.0
696,X06.0
696,X14.0
410,C94.0
640,Q06.0
640,Q16.4
640,Q26.0
640,Q36.0
640,Q43.0
301,J15.0
640,Q56.0
640,Q69.0
586,E26.0
491,I83.0
586,E76.0
586,N06.0
410,C06.1
558,F16.1
688,V06.1
301,A07.1
410,C21.1
526,K26.1
380,P13.1
366,O15.1
688,V96.1
366,O26.1
508,J43.1
366,O34.1
696,W55.1
344,A96.1
392,A56.1
410,C53.1
366,O66.1
366,O86.1
526,K61.1
491,I37.9
696,W89.1
410,C75.1
696,X06.1
696,X14.1
640,Q06.1
640,Q16.5
640,Q26.1
640,Q36.1
640,Q43.1
301,J15.1
640,Q56.1
640,Q69.1
586,E26.1
491,I83.1
586,E76.1
586,N06.1
410,C06.2
558,F16.2
301,A07.2
410,C21.2
526,K26.2
380,P13.2
366,O15.2
688,V96.2
366,O26.2
508,J43.2
366,O34.2
696,W55.2
344,A96.2
392,A56.2
366,O66.2
366,O86.2
526,K61.2
410,C75.2
696,X06.2
410,C94.2
640,Q06.2
640,Q26.2
640,Q43.2
301,J15.2
640,Q56.2
640,Q69.2
491,I83.2
586,E76.2
586,N06.2
301,A07.3
526,K26.3
380,P13.3
366,O26.3
366,O34.3
696,W55.3
392,A56.3
366,O66.3
526,K61.3
410,C75.3
696,X06.3
410,C94.3
640,Q06.3
640,Q26.3
640,Q43.3
301,J15.3
640,Q56.3
586,E76.3
586,N06.3
301,A07.4
526,K26.4
380,P13.4
366,O26.4
366,O34.4
696,W55.4
392,A56.4
366,O66.4
366,O86.4
526,K61.4
410,C75.4
410,C94.4
640,Q06.4
640,Q26.4
640,Q43.4
301,J15.4
640,Q56.4
586,N06.4
526,K26.5
366,O26.5
366,O34.5
696,W55.5
366,O66.5
410,C75.5
640,Q16.9
640,Q26.5
640,Q43.5
301,J15.5
586,N06.5
526,K26.6
366,O26.6
366,O34.6
366,O66.6
410,C94.6
640,Q17.0
640,Q26.6
640,Q43.6
301,J15.6
586,N06.6
392,A26.7
526,K26.7
366,O26.7
366,O34.7
640,Q17.1
640,Q43.7
301,J15.7
586,N06.7
392,A26.8
410,C06.8
301,A07.8
410,C21.8
380,P13.8
688,V96.8
366,O26.8
508,J43.8
366,O34.8
696,W55.8
344,A96.8
366,O46.8
392,A56.8
410,C53.8
366,O66.8
366,O86.8
696,W89.8
410,C75.8
410,C94.8
640,Q06.8
640,Q17.2
640,Q26.8
640,Q43.8
301,J15.8
586,E26.8
491,I83.8
586,E76.8
586,N06.8
392,A26.9
410,C06.9
558,F16.9
688,V06.9
301,A07.9
526,K26.9
380,P13.9
366,O15.9
688,V96.9
366,O26.9
508,J43.9
366,O34.9
344,A96.9
366,O46.9
410,C53.9
366,O66.9
380,P56.9
696,W89.9
640,Q06.9
640,Q17.3
640,Q26.9
640,Q36.9
640,Q43.9
640,Q69.9
586,E26.9
491,I83.9
586,E76.9
586,N06.9
392,A27.0
301,A08.0
410,C22.0
526,K27.0
717,X73.0
366,O07.0
380,P14.0
717,Y07.0
688,V97.0
508,J44.0
366,O35.0
696,W56.0
366,O47.0
410,C54.0
366,O67.0
380,P57.0
366,O87.0
526,K62.0
696,W90.0
696,X15.0
410,C95.0
640,Q07.0
640,Q17.4
640,Q27.0
640,Q44.0
640,Q70.0
586,E27.0
586,E77.0
586,N07.0
301,A08.1
410,C22.1
526,K27.1
717,X73.1
366,O07.1
380,P14.1
717,Y07.1
366,O16.1
688,V97.1
508,J44.1
366,O35.1
696,W56.1
366,O47.1
410,C54.1
366,O87.1
526,K62.1
696,W90.1
696,X15.1
410,C95.1
640,Q17.5
640,Q27.1
640,Q44.1
640,Q70.1
586,E27.1
586,E77.1
586,N07.1
301,A08.2
410,C22.2
526,K27.2
717,X73.2
366,O07.2
380,P14.2
366,O16.2
688,V97.2
366,O35.2
696,W56.2
410,C54.2
366,O87.2
696,W90.2
696,X15.2
640,Q27.2
640,Q44.2
640,Q70.2
586,E27.2
586,N07.2
301,A08.3
410,C22.3
526,K27.3
366,O07.3
380,P14.3
366,O16.3
688,V97.3
366,O35.3
696,W56.3
410,C54.3
366,O87.3
696,X15.3
640,Q27.3
640,Q44.3
640,Q70.3
586,E27.3
586,N07.3
301,A08.4
410,C22.4
526,K27.4
366,O07.4
717,Y07.4
366,O35.4
696,W56.4
366,O87.4
640,Q17.8
640,Q27.4
640,Q44.4
640,Q70.4
586,E27.4
586,N07.4
526,K27.5
717,Y07.5
366,O35.5
696,W56.5
640,Q17.9
640,Q44.5
586,E27.5
586,N07.5
526,K27.6
366,O35.6
640,Q18.0
640,Q44.6
586,N07.6
410,C22.7
526,K27.7
366,O35.7
526,K62.7
640,Q18.1
640,Q44.7
586,N07.7
392,A27.8
301,A08.8
410,C22.8
717,X73.8
380,P14.8
688,V97.8
366,O35.8
696,W56.8
410,C54.8
366,O67.8
380,P57.8
366,O87.8
696,W90.8
696,X15.8
640,Q07.8
640,Q18.2
640,Q27.8
586,E27.8
586,E77.8
586,N07.8
392,A27.9
410,C22.9
526,K27.9
717,X73.9
380,P14.9
717,Y07.9
366,O16.9
508,J44.9
366,O35.9
366,O47.9
410,C54.9
366,O67.9
380,P57.9
366,O87.9
410,C95.9
640,Q07.9
640,Q18.3
640,Q27.9
640,Q70.9
586,E27.9
586,E77.9
586,N07.9
392,A28.0
410,C08.0
526,K28.0
717,X74.0
380,P15.0
717,Y08.0
688,V98.0
366,O36.0
366,O48.0
380,P58.0
366,O88.0
410,C96.0
640,Q18.4
640,Q28.0
640,Q45.0
640,Q71.0
586,E28.0
586,E78.0
392,A28.1
410,C08.1
526,K28.1
380,P15.1
688,V98.1
366,O36.1
366,O48.1
380,P58.1
366,O88.1
640,Q18.5
640,Q28.1
640,Q45.1
640,Q71.1
586,E28.1
586,E78.1
392,A28.2
526,K28.2
380,P15.2
688,V98.2
508,J45.2
366,O36.2
380,P58.2
366,O88.2
491,I40.0
410,C96.2
640,Q18.6
640,Q28.2
640,Q45.2
640,Q71.2
586,E28.2
586,E78.2
526,K28.3
380,P15.3
688,V98.3
508,J45.3
380,P58.3
366,O88.3
491,I40.1
640,Q18.7
640,Q28.3
640,Q45.3
640,Q71.3
586,E28.3
586,E78.3
526,K28.4
380,P15.4
508,J45.4
366,O36.4
380,P58.4
410,C96.4
640,Q18.8
640,Q71.4
586,E78.4
526,K28.5
380,P15.5
508,J45.5
366,O36.5
380,P58.5
410,C96.5
640,Q18.9
640,Q71.5
586,E78.5
526,K28.6
380,P15.6
366,O36.6
410,C96.6
640,Q71.6
586,E78.6
526,K28.7
366,O36.7
586,E78.7
392,A28.8
717,X74.8
380,P15.8
717,Y08.8
688,V98.8
366,O36.8
380,P58.8
366,O88.8
640,Q28.8
640,Q45.8
640,Q71.8
586,E28.8
586,E78.8
392,A28.9
410,C08.9
526,K28.9
717,X74.9
380,P15.9
508,J45.9
366,O36.9
380,P58.9
410,C96.9
640,Q28.9
640,Q45.9
640,Q71.9
586,E28.9
586,E78.9
410,C09.0
688,V09.0
410,C24.0
526,K29.0
696,W09.0
696,W58.0
366,O69.0
380,P59.0
366,O89.0
491,I40.8
640,Q72.0
586,E29.0
586,E79.0
410,C09.1
688,V09.1
410,C24.1
696,W09.1
696,W58.1
366,O69.1
380,P59.1
366,O89.1
491,I40.9
640,Q72.1
586,E29.1
586,E79.1
688,V09.2
526,K29.2
696,W09.2
366,O69.2
380,P59.2
366,O89.2
640,Q72.2
586,E79.2
688,V09.3
526,K29.3
366,O69.3
380,P59.3
366,O89.3
640,Q72.3
526,K29.4
366,O69.4
366,O89.4
640,Q72.4
526,K29.5
366,O69.5
366,O89.5
640,Q72.5
526,K29.6
366,O89.6
640,Q72.6
526,K29.7
640,Q72.7
410,C09.8
410,C24.8
526,K29.8
696,W09.8
366,O69.8
380,P59.8
366,O89.8
640,Q72.8
586,E29.8
586,E79.8
410,C09.9
688,V09.9
410,C24.9
526,K29.9
366,O69.9
380,P59.9
366,O89.9
640,Q72.9
586,E29.9
586,E79.9
410,C10.0
688,V10.0
410,C25.0
508,J47.0
696,W10.0
696,W59.0
386,E61.0
366,O70.0
366,O90.0
696,W93.0
640,Q60.0
640,Q73.0
586,E30.0
586,E80.0
410,C10.1
688,V10.1
410,C25.1
508,J47.1
696,W10.1
696,W59.1
386,E61.1
366,O70.1
366,O90.1
696,W93.1
640,Q60.1
640,Q73.1
586,E30.1
586,E80.1
410,C10.2
688,V10.2
410,C25.2
696,W10.2
696,W59.2
386,E61.2
366,O70.2
366,O90.2
696,W93.2
640,Q60.2
586,E80.2
410,C10.3
688,V10.3
410,C25.3
386,E61.3
366,O70.3
366,O90.3
640,Q60.3
586,E80.3
410,C10.4
688,V10.4
410,C25.4
386,E61.4
366,O70.4
366,O90.4
640,Q60.4
586,E80.4
688,V10.5
386,E61.5
366,O90.5
640,Q60.5
586,E80.5
386,E61.6
366,O90.6
640,Q60.6
586,E80.6
410,C25.7
386,E61.7
586,E80.7
410,C10.8
410,C25.8
696,W10.8
696,W59.8
386,E61.8
366,O90.8
696,W93.8
640,Q73.8
586,E30.8
410,C10.9
688,V10.9
410,C25.9
508,J47.9
696,W10.9
386,E61.9
366,O70.9
366,O90.9
586,E30.9
410,C11.0
688,V11.0
717,X77.0
366,O71.0
380,P61.0
366,O91.0
696,W94.0
640,Q74.0
586,E31.0
410,C11.1
688,V11.1
717,X77.1
366,O71.1
380,P61.1
366,O91.1
696,W94.1
640,Q74.1
586,E31.1
410,C11.2
688,V11.2
717,X77.2
366,O71.2
380,P61.2
366,O91.2
696,W94.2
640,Q74.2
586,E31.2
410,C11.3
688,V11.3
717,X77.3
366,O71.3
380,P61.3
696,W94.3
640,Q74.3
688,V11.4
366,O71.4
380,P61.4
688,V11.5
366,O71.5
380,P61.5
366,O71.6
380,P61.6
366,O71.7
410,C11.8
717,X77.8
366,O71.8
380,P61.8
640,Q74.8
586,E31.8
410,C11.9
688,V11.9
717,X77.9
366,O71.9
380,P61.9
640,Q74.9
586,E31.9
688,V12.0
717,X78.0
696,W61.0
366,O72.0
366,O92.0
640,Q75.0
586,E32.0
688,V12.1
717,X78.1
696,W61.1
366,O72.1
366,O92.1
640,Q75.1
586,E32.1
688,V12.2
717,X78.2
696,W61.2
366,O72.2
366,O92.2
640,Q75.2
688,V12.3
696,W61.3
366,O72.3
366,O92.3
640,Q75.3
688,V12.4
696,W61.4
366,O92.4
640,Q75.4
688,V12.5
696,W61.5
366,O92.5
640,Q75.5
696,W61.6
366,O92.6
366,O92.7
717,X78.8
640,Q75.8
586,E32.8
688,V12.9
717,X78.9
696,W61.9
640,Q75.9
586,E32.9
410,C13.0
688,V13.0
696,W13.0
696,W62.0
366,O73.0
640,Q76.0
586,E83.0
410,C13.1
688,V13.1
696,W13.1
696,W62.1
366,O73.1
640,Q76.1
586,E83.1
410,C13.2
688,V13.2
696,W13.2
640,Q76.2
586,E83.2
688,V13.3
696,W13.3
640,Q76.3
586,E83.3
688,V13.4
696,W13.4
640,Q76.4
586,E83.4
688,V13.5
640,Q76.5
586,E83.5
640,Q76.6
640,Q76.7
410,C13.8
696,W13.8
640,Q76.8
586,E83.8
410,C13.9
688,V13.9
696,W13.9
696,W62.9
640,Q76.9
586,E83.9
688,V14.0
366,O74.0
640,Q77.0
586,E34.0
586,E84.0
688,V14.1
366,O74.1
640,Q77.1
586,E34.1
586,E84.1
688,V14.2
366,O74.2
640,Q77.2
586,E34.2
688,V14.3
366,O74.3
640,Q77.3
586,E34.3
688,V14.4
366,O74.4
640,Q77.4
586,E34.4
688,V14.5
366,O74.5
640,Q77.5
586,E34.5
366,O74.6
640,Q77.6
366,O74.7
640,Q77.7
366,O74.8
640,Q77.8
586,E34.8
586,E84.8
688,V14.9
366,O74.9
640,Q77.9
586,E84.9
688,V15.0
717,X81.0
366,O75.0
640,Q78.0
586,E85.0
688,V15.1
717,X81.1
366,O75.1
640,Q78.1
586,E85.1
688,V15.2
366,O75.2
640,Q78.2
586,E85.2
688,V15.3
366,O75.3
640,Q78.3
688,V15.4
366,O75.4
640,Q78.4
688,V15.5
366,O75.5
640,Q78.5
640,Q78.6
717,X81.8
366,O75.8
640,Q78.8
688,V15.9
366,O75.9
640,Q78.9
688,V16.0
717,X82.0
696,W16.0
640,Q79.0
688,V16.1
717,X82.1
696,W16.1
640,Q79.1
688,V16.2
717,X82.2
696,W16.2
640,Q79.2
688,V16.3
696,W16.3
640,Q79.3
688,V16.4
696,W16.4
640,Q79.4
688,V16.5
696,W16.5
640,Q79.5
696,W16.6
640,Q79.6
696,W16.7
717,X82.8
696,W16.8
640,Q79.8
688,V16.9
696,W16.9
640,Q79.9
688,V17.0
717,X83.0
696,W17.0
366,O77.0
640,Q80.0
688,V17.1
717,X83.1
696,W17.1
366,O77.1
640,Q80.1
688,V17.2
717,X83.2
696,W17.2
640,Q80.2
688,V17.3
696,W17.3
640,Q80.3
688,V17.4
696,W17.4
640,Q80.4
688,V17.5
717,X83.8
696,W17.8
366,O77.8
640,Q80.8
688,V17.9
366,O77.9
640,Q80.9
688,V18.0
696,W18.0
640,Q81.0
688,V18.1
696,W18.1
640,Q81.1
688,V18.2
696,W18.2
640,Q81.2
688,V18.3
696,W18.3
688,V18.4
696,W18.4
688,V18.5
640,Q81.8
688,V18.9
640,Q81.9
688,V19.0
640,Q82.0
688,V19.1
640,Q82.1
688,V19.2
640,Q82.2
688,V19.3
640,Q82.3
688,V19.4
640,Q82.4
688,V19.5
640,Q82.5
688,V19.6
688,V19.8
640,Q82.8
688,V19.9
640,Q82.9
688,V20.0
696,W20.0
640,Q83.0
688,V20.1
696,W20.1
640,Q83.1
688,V20.2
640,Q83.2
688,V20.3
640,Q83.3
688,V20.4
688,V20.5
696,W20.8
640,Q83.8
688,V20.9
640,Q83.9
688,V21.0
696,W21.0
640,Q84.0
688,V21.1
696,W21.1
640,Q84.1
688,V21.2
696,W21.2
640,Q84.2
688,V21.3
696,W21.3
640,Q84.3
688,V21.4
696,W21.4
640,Q84.4
688,V21.5
640,Q84.5
640,Q84.6
696,W21.8
640,Q84.8
688,V21.9
696,W21.9
640,Q84.9
688,V22.0
696,W22.0
640,Q85.0
696,Y62.0
688,V22.1
696,W22.1
640,Q85.1
696,Y62.1
688,V22.2
696,Y62.2
688,V22.3
696,Y62.3
688,V22.4
696,Y62.4
688,V22.5
696,Y62.5
696,Y62.6
696,W22.8
640,Q85.8
696,Y62.8
688,V22.9
640,Q85.9
696,Y62.9
688,V23.0
696,W23.0
640,Q86.0
696,Y63.0
688,V23.1
696,W23.1
696,Y63.1
688,V23.2
696,Y63.2
688,V23.3
696,Y63.3
688,V23.4
696,Y63.4
688,V23.5
696,Y63.5
696,Y63.6
696,Y63.8
688,V23.9
696,Y63.9
688,V24.0
696,W24.0
696,Y64.0
688,V24.1
696,W24.1
696,Y64.1
688,V24.2
688,V24.3
688,V24.4
688,V24.5
696,Y64.8
688,V24.9
696,Y64.9
688,V25.0
696,Y65.0
688,V25.1
696,Y65.1
688,V25.2
696,Y65.2
688,V25.3
696,Y65.3
688,V25.4
696,Y65.4
688,V25.5
696,Y65.5
696,Y65.8
688,V25.9
688,V26.0
717,X92.0
696,W26.0
688,V26.1
717,X92.1
696,W26.1
688,V26.2
717,X92.2
688,V26.3
717,X92.3
688,V26.4
688,V26.5
717,X92.8
688,V26.9
717,X92.9
688,V27.0
696,W27.0
688,V27.1
696,W27.1
688,V27.2
696,W27.2
688,V27.3
696,W27.3
688,V27.4
696,W27.4
688,V27.5
696,W27.5
696,W27.8
688,V27.9
688,V28.0
717,X94.0
688,V28.1
717,X94.1
688,V28.2
717,X94.2
688,V28.3
688,V28.4
688,V28.5
717,X94.8
688,V28.9
717,X94.9
688,V29.0
717,X95.0
696,W29.0
688,V29.1
696,W29.1
688,V29.2
696,W29.2
688,V29.3
696,W29.3
688,V29.4
696,W29.4
688,V29.5
688,V29.6
688,V29.8
717,X95.8
696,W29.8
688,V29.9
717,X95.9
688,V30.0
717,X96.0
696,W30.0
696,Y70.0
688,V30.1
717,X96.1
696,W30.1
696,Y70.1
688,V30.2
717,X96.2
696,W30.2
696,Y70.2
688,V30.3
717,X96.3
696,W30.3
696,Y70.3
688,V30.4
717,X96.4
688,V30.5
688,V30.6
688,V30.7
717,X96.8
696,W30.8
696,Y70.8
688,V30.9
717,X96.9
696,W30.9
688,V31.0
696,W31.0
696,Y71.0
688,V31.1
696,W31.1
696,Y71.1
688,V31.2
696,W31.2
696,Y71.2
688,V31.3
696,W31.3
696,Y71.3
688,V31.4
688,V31.5
688,V31.6
688,V31.7
696,W31.8
696,Y71.8
688,V31.9
696,W31.9
688,V32.0
717,X98.0
696,W32.0
696,Y72.0
688,V32.1
717,X98.1
696,W32.1
696,Y72.1
688,V32.2
717,X98.2
696,Y72.2
688,V32.3
717,X98.3
696,Y72.3
688,V32.4
688,V32.5
688,V32.6
688,V32.7
717,X98.8
696,Y72.8
688,V32.9
717,X98.9
688,V33.0
717,X99.0
696,W33.0
696,Y73.0
688,V33.1
717,X99.1
696,W33.1
696,Y73.1
688,V33.2
717,X99.2
696,Y73.2
688,V33.3
696,Y73.3
688,V33.4
688,V33.5
688,V33.6
688,V33.7
717,X99.8
696,Y73.8
688,V33.9
717,X99.9
688,V34.0
696,W34.0
696,Y74.0
688,V34.1
696,W34.1
696,Y74.1
688,V34.2
696,Y74.2
688,V34.3
696,Y74.3
688,V34.4
688,V34.5
688,V34.6
688,V34.7
696,Y74.8
688,V34.9
688,V35.0
696,Y75.0
688,V35.1
696,Y75.1
688,V35.2
696,Y75.2
688,V35.3
696,Y75.3
688,V35.4
688,V35.5
688,V35.6
688,V35.7
696,Y75.8
688,V35.9
688,V36.0
696,Y76.0
688,V36.1
696,W36.1
696,Y76.1
688,V36.2
696,W36.2
696,Y76.2
688,V36.3
696,W36.3
696,Y76.3
688,V36.4
688,V36.5
688,V36.6
688,V36.7
696,W36.8
696,Y76.8
688,V36.9
696,W36.9
688,V37.0
696,W37.0
696,Y77.0
688,V37.1
696,Y77.1
688,V37.2
696,Y77.2
688,V37.3
696,Y77.3
688,V37.4
688,V37.5
688,V37.6
688,V37.7
696,W37.8
696,Y77.8
688,V37.9
688,V38.0
696,Y78.0
688,V38.1
696,Y78.1
688,V38.2
696,Y78.2
688,V38.3
696,Y78.3
688,V38.4
688,V38.5
688,V38.6
688,V38.7
696,Y78.8
688,V38.9
688,V39.0
696,Y79.0
688,V39.1
696,Y79.1
688,V39.2
696,Y79.2
688,V39.3
696,Y79.3
688,V39.4
688,V39.5
688,V39.6
688,V39.8
696,Y79.8
688,V39.9
688,V40.0
696,W40.0
696,Y80.0
688,V40.1
696,W40.1
696,Y80.1
688,V40.2
696,Y80.2
688,V40.3
696,Y80.3
688,V40.4
688,V40.5
688,V40.6
688,V40.7
696,W40.8
696,Y80.8
688,V40.9
696,W40.9
688,V41.0
696,Y81.0
688,V41.1
696,Y81.1
688,V41.2
696,Y81.2
688,V41.3
696,Y81.3
688,V41.4
688,V41.5
688,V41.6
688,V41.7
696,Y81.8
688,V41.9
688,V42.0
696,W42.0
688,V42.1
688,V42.2
688,V42.3
688,V42.4
688,V42.5
688,V42.6
688,V42.7
696,Y82.8
688,V42.9
696,W42.9
696,Y82.9
688,V43.0
696,Y83.0
688,V43.1
696,Y83.1
688,V43.2
696,Y83.2
688,V43.3
696,Y83.3
688,V43.4
696,Y83.4
688,V43.5
696,Y83.5
688,V43.6
696,Y83.6
688,V43.7
696,Y83.8
688,V43.9
696,Y83.9
688,V44.0
696,Y84.0
688,V44.1
696,Y84.1
688,V44.2
696,Y84.2
688,V44.3
696,Y84.3
688,V44.4
696,Y84.4
688,V44.5
696,Y84.5
688,V44.6
696,Y84.6
688,V44.7
696,Y84.7
696,Y84.8
688,V44.9
696,Y84.9
688,V45.0
696,W45.0
688,V45.1
696,W45.1
688,V45.2
696,W45.2
688,V45.3
688,V45.4
688,V45.5
688,V45.6
688,V45.7
696,W45.8
688,V45.9
688,V46.0
696,W46.0
688,V46.1
696,W46.1
688,V46.2
688,V46.3
688,V46.4
688,V46.5
688,V46.6
688,V46.7
688,V46.9
688,V47.0
688,V47.1
688,V47.2
688,V47.3
688,V47.4
688,V47.5
688,V47.6
688,V47.7
688,V47.9
688,V48.0
688,V48.1
688,V48.2
688,V48.3
688,V48.4
688,V48.5
688,V48.6
688,V48.7
688,V48.9
688,V49.0
688,V49.1
688,V49.2
688,V49.3
688,V49.4
688,V49.5
688,V49.6
688,V49.8
688,V49.9
688,V50.0
688,V50.1
688,V50.2
688,V50.3
688,V50.4
688,V50.5
688,V50.6
688,V50.7
688,V50.9
688,V51.0
688,V51.1
688,V51.2
688,V51.3
688,V51.4
688,V51.5
688,V51.6
688,V51.7
688,V51.9
688,V52.0
688,V52.1
688,V52.2
688,V52.3
688,V52.4
688,V52.5
688,V52.6
688,V52.7
688,V52.9
688,V53.0
688,V53.1
688,V53.2
688,V53.3
688,V53.4
688,V53.5
688,V53.6
688,V53.7
688,V53.9
688,V54.0
688,V54.1
688,V54.2
688,V54.3
688,V54.4
688,V54.5
688,V54.6
688,V54.7
688,V54.9
688,V55.0
688,V55.1
688,V55.2
688,V55.3
688,V55.4
688,V55.5
688,V55.6
688,V55.7
688,V55.9
688,V56.0
688,V56.1
688,V56.2
688,V56.3
688,V56.4
688,V56.5
688,V56.6
688,V56.7
688,V56.9
688,V57.0
688,V57.1
688,V57.2
688,V57.3
688,V57.4
688,V57.5
688,V57.6
688,V57.7
688,V57.9
688,V58.0
688,V58.1
688,V58.2
688,V58.3
688,V58.4
688,V58.5
688,V58.6
688,V58.7
688,V58.9
688,V59.0
688,V59.1
688,V59.2
688,V59.3
688,V59.4
688,V59.5
688,V59.6
688,V59.8
688,V59.9
688,V60.0
688,V60.1
688,V60.2
688,V60.3
688,V60.4
688,V60.5
688,V60.6
688,V60.7
688,V60.9
688,V61.0
688,V61.1
688,V61.2
688,V61.3
688,V61.4
688,V61.5
688,V61.6
688,V61.7
688,V61.9
688,V62.0
688,V62.1
688,V62.2
688,V62.3
688,V62.4
688,V62.5
688,V62.6
688,V62.7
688,V62.9
688,V63.0
688,V63.1
688,V63.2
688,V63.3
688,V63.4
688,V63.5
688,V63.6
688,V63.7
688,V63.9
688,V64.0
688,V64.1
688,V64.2
688,V64.3
688,V64.4
688,V64.5
688,V64.6
688,V64.7
688,V64.9
688,V65.0
688,V65.1
688,V65.2
688,V65.3
688,V65.4
688,V65.5
688,V65.6
688,V65.7
688,V65.9
688,V66.0
688,V66.1
688,V66.2
688,V66.3
688,V66.4
688,V66.5
688,V66.6
688,V66.7
688,V66.9
688,V67.0
688,V67.1
688,V67.2
688,V67.3
688,V67.4
688,V67.5
688,V67.6
688,V67.7
688,V67.9
688,V68.0
688,V68.1
688,V68.2
688,V68.3
688,V68.4
688,V68.5
688,V68.6
688,V68.7
688,V68.9
688,V69.0
688,V69.1
688,V69.2
688,V69.3
688,V69.4
688,V69.5
688,V69.6
688,V69.8
688,V69.9
688,V70.0
688,V70.1
688,V70.2
688,V70.3
688,V70.4
688,V70.5
688,V70.6
688,V70.7
688,V70.9
688,V71.0
688,V71.1
688,V71.2
688,V71.3
688,V71.4
688,V71.5
688,V71.6
688,V71.7
688,V71.9
688,V72.0
688,V72.1
688,V72.2
688,V72.3
688,V72.4
688,V72.5
688,V72.6
688,V72.7
688,V72.9
688,V73.0
688,V73.1
688,V73.2
688,V73.3
688,V73.4
688,V73.5
688,V73.6
688,V73.7
688,V73.9
688,V74.0
688,V74.1
688,V74.2
688,V74.3
688,V74.4
688,V74.5
688,V74.6
688,V74.7
688,V74.9
688,V75.0
688,V75.1
688,V75.2
688,V75.3
688,V75.4
688,V75.5
688,V75.6
688,V75.7
688,V75.9
688,V76.0
688,V76.1
688,V76.2
688,V76.3
688,V76.4
688,V76.5
688,V76.6
688,V76.7
688,V76.9
688,V77.0
688,V77.1
688,V77.2
688,V77.3
688,V77.4
688,V77.5
688,V77.6
688,V77.7
688,V77.9
688,V78.0
688,V78.1
688,V78.2
688,V78.3
688,V78.4
688,V78.5
688,V78.6
688,V78.7
688,V78.9
688,V79.0
688,V79.1
688,V79.2
688,V79.3
688,V79.4
688,V79.5
688,V79.6
688,V79.8
688,V79.9
688,V80.0
688,V80.1
688,V80.2
688,V80.3
688,V80.4
688,V80.5
688,V80.6
688,V80.7
688,V80.8
688,V80.9
688,V81.0
688,V81.1
688,V81.2
688,V81.3
688,V81.4
688,V81.5
688,V81.6
688,V81.7
688,V81.8
688,V81.9
688,V82.0
688,V82.1
688,V82.2
688,V82.3
688,V82.4
688,V82.5
688,V82.6
688,V82.7
688,V82.8
688,V82.9
688,V83.0
688,V83.1
688,V83.2
688,V83.3
688,V83.4
688,V83.5
688,V83.6
688,V83.7
688,V83.9
688,V84.0
688,V84.1
688,V84.2
688,V84.3
688,V84.4
688,V84.5
688,V84.6
688,V84.7
688,V84.9
688,V85.0
688,V85.1
688,V85.2
688,V85.3
688,V85.4
688,V85.5
688,V85.6
688,V85.7
688,V85.9
688,V86.0
688,V86.1
688,V86.2
688,V86.3
688,V86.4
688,V86.5
688,V86.6
688,V86.7
688,V86.9
