cause_id,cause_name,icd10_lookup_provided,icd10_ranges_expanded
297,Tuberculosis,"A10-A14, A15-A19.9, B90-B90.9, K67.3, K93.0, M49.0, N74.1-N74.2, P37.0, U84.3","A10.0,A10.1,A10.2,A10.3,A10.4,A10.5,A10.6,A10.7,A10.8,A10.9,A11.0,A11.1,A11.2,A11.3,A11.4,A11.5,A11.6,A11.7,A11.8,A11.9,A12.0,A12.1,A12.2,A12.3,A12.4,A12.5,A12.6,A12.7,A12.8,A12.9,A13.0,A13.1,A13.2,A13.3,A13.4,A13.5,A13.6,A13.7,A13.8,A13.9,A14.0,A14.1,A14.2,A14.3,A14.4,A14.5,A14.6,A14.7,A14.8,A14.9,A15.0,A15.1,A15.2,A15.3,A15.4,A15.5,A15.6,A15.7,A15.8,A15.9,A16.0,A16.1,A16.2,A16.3,A16.4,A16.5,A16.6,A16.7,A16.8,A16.9,A17.0,A17.1,A17.2,A17.3,A17.4,A17.5,A17.6,A17.7,A17.8,A17.9,A18.0,A18.1,A18.2,A18.3,A18.4,A18.5,A18.6,A18.7,A18.8,A18.9,A19.0,A19.1,A19.2,A19.3,A19.4,A19.5,A19.6,A19.7,A19.8,A19.9,B90.0,B90.1,B90.2,B90.3,B90.4,B90.5,B90.6,B90.7,B90.8,B90.9,K67.3,K93.0,M49.0,N74.1,N74.2,P37.0,U84.3"
298,HIV/AIDS,B20-B24.9,"B20.0,B20.1,B20.2,B20.3,B20.4,B20.5,B20.6,B20.7,B20.8,B20.9,B21.0,B21.1,B21.2,B21.3,B21.4,B21.5,B21.6,B21.7,B21.8,B21.9,B22.0,B22.1,B22.2,B22.3,B22.4,B22.5,B22.6,B22.7,B22.8,B22.9,B23.0,B23.1,B23.2,B23.3,B23.4,B23.5,B23.6,B23.7,B23.8,B23.9,B24.0,B24.1,B24.2,B24.3,B24.4,B24.5,B24.6,B24.7,B24.8,B24.9"
302,Diarrheal diseases,"A00-A00.9, A02-A04.1, A04.3, A04.5-A07, A07.2-A07.4, A08-A09.9, R19.7","A00.0,A00.1,A00.2,A00.3,A00.4,A00.5,A00.6,A00.7,A00.8,A00.9,A02.0,A02.1,A02.2,A02.3,A02.4,A02.5,A02.6,A02.7,A02.8,A02.9,A03.0,A03.1,A03.2,A03.3,A03.4,A03.5,A03.6,A03.7,A03.8,A03.9,A04.0,A04.1,A04.3,A04.5,A04.6,A04.7,A04.8,A04.9,A05.0,A05.1,A05.2,A05.3,A05.4,A05.5,A05.6,A05.7,A05.8,A05.9,A06.0,A06.1,A06.2,A06.3,A06.4,A06.5,A06.6,A06.7,A06.8,A06.9,A07.0,A07.1,A07.2,A07.3,A07.4,A07.5,A07.6,A07.7,A07.8,A07.9,A07.2,A07.3,A07.4,A08.0,A08.1,A08.2,A08.3,A08.4,A08.5,A08.6,A08.7,A08.8,A08.9,A09.0,A09.1,A09.2,A09.3,A09.4,A09.5,A09.6,A09.7,A09.8,A09.9,R19.7"
318,Intestinal infectious diseases,"A01.0-A01.4, A04.2, A04.4, A07.0-A07.1, A07.8-A07.9","A01.0,A01.1,A01.2,A01.3,A01.4,A04.2,A04.4,A07.0,A07.1,A07.8,A07.9"
322,Lower respiratory infections,"A48.1, A70, B97.4-B97.6, J09-J15.8, J16-J16.9, J20-J21.9, P23.0-P23.4, U04-U04.9","A48.1,A70.0,A70.1,A70.2,A70.3,A70.4,A70.5,A70.6,A70.7,A70.8,A70.9,B97.4,B97.5,B97.6,J 9.0,J 9.1,J 9.2,J 9.3,J 9.4,J 9.5,J 9.6,J 9.7,J 9.8,J 9.9,J10.0,J10.1,J10.2,J10.3,J10.4,J10.5,J10.6,J10.7,J10.8,J10.9,J11.0,J11.1,J11.2,J11.3,J11.4,J11.5,J11.6,J11.7,J11.8,J11.9,J12.0,J12.1,J12.2,J12.3,J12.4,J12.5,J12.6,J12.7,J12.8,J12.9,J13.0,J13.1,J13.2,J13.3,J13.4,J13.5,J13.6,J13.7,J13.8,J13.9,J14.0,J14.1,J14.2,J14.3,J14.4,J14.5,J14.6,J14.7,J14.8,J14.9,J15.0,J15.1,J15.2,J15.3,J15.4,J15.5,J15.6,J15.7,J15.8,J16.0,J16.1,J16.2,J16.3,J16.4,J16.5,J16.6,J16.7,J16.8,J16.9,J20.0,J20.1,J20.2,J20.3,J20.4,J20.5,J20.6,J20.7,J20.8,J20.9,J21.0,J21.1,J21.2,J21.3,J21.4,J21.5,J21.6,J21.7,J21.8,J21.9,P23.0,P23.1,P23.2,P23.3,P23.4,U04.0,U04.1,U04.2,U04.3,U04.4,U04.5,U04.6,U04.7,U04.8,U04.9"
328,Upper respiratory infections,"J01-J01.9, J04.0, J05-J05.0, J36-J36.0","J01.0,J01.1,J01.2,J01.3,J01.4,J01.5,J01.6,J01.7,J01.8,J01.9,J04.0,J05.0,J36.0"
329,Otitis media,H70-H70.9,"H70.0,H70.1,H70.2,H70.3,H70.4,H70.5,H70.6,H70.7,H70.8,H70.9"
332,Meningitis,"A39-A39.9, A87-A87.9, G00.0-G00.8, G03-G03.8","A39.0,A39.1,A39.2,A39.3,A39.4,A39.5,A39.6,A39.7,A39.8,A39.9,A87.0,A87.1,A87.2,A87.3,A87.4,A87.5,A87.6,A87.7,A87.8,A87.9,G00.0,G00.1,G00.2,G00.3,G00.4,G00.5,G00.6,G00.7,G00.8,G03.0,G03.1,G03.2,G03.3,G03.4,G03.5,G03.6,G03.7,G03.8"
337,Encephalitis,"A83-A86.4, B94.1, F07.1, G04-G05.8","A83.0,A83.1,A83.2,A83.3,A83.4,A83.5,A83.6,A83.7,A83.8,A83.9,A84.0,A84.1,A84.2,A84.3,A84.4,A84.5,A84.6,A84.7,A84.8,A84.9,A85.0,A85.1,A85.2,A85.3,A85.4,A85.5,A85.6,A85.7,A85.8,A85.9,A86.0,A86.1,A86.2,A86.3,A86.4,B94.1,F07.1,G04.0,G04.1,G04.2,G04.3,G04.4,G04.5,G04.6,G04.7,G04.8,G04.9,G05.0,G05.1,G05.2,G05.3,G05.4,G05.5,G05.6,G05.7,G05.8"
338,Diphtheria,A36-A36.9,"A36.0,A36.1,A36.2,A36.3,A36.4,A36.5,A36.6,A36.7,A36.8,A36.9"
339,Whooping cough,A37-A37.9,"A37.0,A37.1,A37.2,A37.3,A37.4,A37.5,A37.6,A37.7,A37.8,A37.9"
340,Tetanus,A33-A35.0,"A33.0,A33.1,A33.2,A33.3,A33.4,A33.5,A33.6,A33.7,A33.8,A33.9,A34.0,A34.1,A34.2,A34.3,A34.4,A34.5,A34.6,A34.7,A34.8,A34.9,A35.0"
341,Measles,B05-B05.9,"B05.0,B05.1,B05.2,B05.3,B05.4,B05.5,B05.6,B05.7,B05.8,B05.9"
342,Varicella and herpes zoster,"B01-B02.9, P35.8","B01.0,B01.1,B01.2,B01.3,B01.4,B01.5,B01.6,B01.7,B01.8,B01.9,B02.0,B02.1,B02.2,B02.3,B02.4,B02.5,B02.6,B02.7,B02.8,B02.9,P35.8"
345,Malaria,B50-B53.8,"B50.0,B50.1,B50.2,B50.3,B50.4,B50.5,B50.6,B50.7,B50.8,B50.9,B51.0,B51.1,B51.2,B51.3,B51.4,B51.5,B51.6,B51.7,B51.8,B51.9,B52.0,B52.1,B52.2,B52.3,B52.4,B52.5,B52.6,B52.7,B52.8,B52.9,B53.0,B53.1,B53.2,B53.3,B53.4,B53.5,B53.6,B53.7,B53.8"
346,Chagas disease,"B57-B57.5, K93.1","B57.0,B57.1,B57.2,B57.3,B57.4,B57.5,K93.1"
347,Leishmaniasis,B55.0,B55.0
350,African trypanosomiasis,B56-B56.9,"B56.0,B56.1,B56.2,B56.3,B56.4,B56.5,B56.6,B56.7,B56.8,B56.9"
351,Schistosomiasis,B65-B65.9,"B65.0,B65.1,B65.2,B65.3,B65.4,B65.5,B65.6,B65.7,B65.8,B65.9"
352,Cysticercosis,B69-B69.9,"B69.0,B69.1,B69.2,B69.3,B69.4,B69.5,B69.6,B69.7,B69.8,B69.9"
353,Cystic echinococcosis,"B67-B67.4, B67.8-B67.9","B67.8,B67.9,B67.0,B67.1,B67.2,B67.3,B67.4"
354,Lymphatic filariasis,B74,"B74.0,B74.1,B74.2,B74.3,B74.4,B74.5,B74.6,B74.7,B74.8,B74.9"
355,Onchocerciasis,B73,"B73.0,B73.1,B73.2,B73.3,B73.4,B73.5,B73.6,B73.7,B73.8,B73.9"
356,Trachoma,A71,"A71.0,A71.1,A71.2,A71.3,A71.4,A71.5,A71.6,A71.7,A71.8,A71.9"
357,Dengue,A90-A91.9,"A90.0,A90.1,A90.2,A90.3,A90.4,A90.5,A90.6,A90.7,A90.8,A90.9,A91.0,A91.1,A91.2,A91.3,A91.4,A91.5,A91.6,A91.7,A91.8,A91.9"
358,Yellow fever,A95-A95.9,"A95.0,A95.1,A95.2,A95.3,A95.4,A95.5,A95.6,A95.7,A95.8,A95.9"
359,Rabies,A82-A82.9,"A82.0,A82.1,A82.2,A82.3,A82.4,A82.5,A82.6,A82.7,A82.8,A82.9"
360,Intestinal nematode infections,B77-B77.9,"B77.0,B77.1,B77.2,B77.3,B77.4,B77.5,B77.6,B77.7,B77.8,B77.9"
364,Food-borne trematodiases,B66,"B66.0,B66.1,B66.2,B66.3,B66.4,B66.5,B66.6,B66.7,B66.8,B66.9"
365,Other neglected tropical diseases,"A68-A68.9, A69.2-A69.9, A75-A75.9, A77-A79.9, A92-A94.0, A96-A96.9, A98-A98.3, A98.5-A98.8, B33.0-B33.1, B60-B60.8, B67.5-B67.7, B70-B71.9, B74.3-B75, B83-B83.8, P37.1","A68.0,A68.1,A68.2,A68.3,A68.4,A68.5,A68.6,A68.7,A68.8,A68.9,A69.2,A69.3,A69.4,A69.5,A69.6,A69.7,A69.8,A69.9,A75.0,A75.1,A75.2,A75.3,A75.4,A75.5,A75.6,A75.7,A75.8,A75.9,A77.0,A77.1,A77.2,A77.3,A77.4,A77.5,A77.6,A77.7,A77.8,A77.9,A78.0,A78.1,A78.2,A78.3,A78.4,A78.5,A78.6,A78.7,A78.8,A78.9,A79.0,A79.1,A79.2,A79.3,A79.4,A79.5,A79.6,A79.7,A79.8,A79.9,A92.0,A92.1,A92.2,A92.3,A92.4,A92.5,A92.6,A92.7,A92.8,A92.9,A93.0,A93.1,A93.2,A93.3,A93.4,A93.5,A93.6,A93.7,A93.8,A93.9,A94.0,A96.0,A96.1,A96.2,A96.3,A96.4,A96.5,A96.6,A96.7,A96.8,A96.9,A98.5,A98.6,A98.7,A98.8,A98.0,A98.1,A98.2,A98.3,B33.0,B33.1,B60.0,B60.1,B60.2,B60.3,B60.4,B60.5,B60.6,B60.7,B60.8,B67.5,B67.6,B67.7,B70.0,B70.1,B70.2,B70.3,B70.4,B70.5,B70.6,B70.7,B70.8,B70.9,B71.0,B71.1,B71.2,B71.3,B71.4,B71.5,B71.6,B71.7,B71.8,B71.9,B74.3,B74.4,B74.5,B74.6,B74.7,B74.8,B74.9,B75.0,B75.1,B75.2,B75.3,B75.4,B75.5,B75.6,B75.7,B75.8,B75.9,B83.0,B83.1,B83.2,B83.3,B83.4,B83.5,B83.6,B83.7,B83.8,P37.1"
367,Maternal hemorrhage,"O20-O20.9, O43.2, O44-O46.9, O62-O62.9, O67-O67.9, O70, O72-O72.3","O20.0,O20.1,O20.2,O20.3,O20.4,O20.5,O20.6,O20.7,O20.8,O20.9,O43.2,O44.0,O44.1,O44.2,O44.3,O44.4,O44.5,O44.6,O44.7,O44.8,O44.9,O45.0,O45.1,O45.2,O45.3,O45.4,O45.5,O45.6,O45.7,O45.8,O45.9,O46.0,O46.1,O46.2,O46.3,O46.4,O46.5,O46.6,O46.7,O46.8,O46.9,O62.0,O62.1,O62.2,O62.3,O62.4,O62.5,O62.6,O62.7,O62.8,O62.9,O67.0,O67.1,O67.2,O67.3,O67.4,O67.5,O67.6,O67.7,O67.8,O67.9,O70.0,O70.1,O70.2,O70.3,O70.4,O70.5,O70.6,O70.7,O70.8,O70.9,O72.0,O72.1,O72.2,O72.3"
368,Maternal sepsis and other maternal infections,"O23-O23.9, O85-O86.8, O91-O91.2","O23.0,O23.1,O23.2,O23.3,O23.4,O23.5,O23.6,O23.7,O23.8,O23.9,O85.0,O85.1,O85.2,O85.3,O85.4,O85.5,O85.6,O85.7,O85.8,O85.9,O86.0,O86.1,O86.2,O86.3,O86.4,O86.5,O86.6,O86.7,O86.8,O91.0,O91.1,O91.2"
369,Maternal hypertensive disorders,O10-O16.9,"O10.0,O10.1,O10.2,O10.3,O10.4,O10.5,O10.6,O10.7,O10.8,O10.9,O11.0,O11.1,O11.2,O11.3,O11.4,O11.5,O11.6,O11.7,O11.8,O11.9,O12.0,O12.1,O12.2,O12.3,O12.4,O12.5,O12.6,O12.7,O12.8,O12.9,O13.0,O13.1,O13.2,O13.3,O13.4,O13.5,O13.6,O13.7,O13.8,O13.9,O14.0,O14.1,O14.2,O14.3,O14.4,O14.5,O14.6,O14.7,O14.8,O14.9,O15.0,O15.1,O15.2,O15.3,O15.4,O15.5,O15.6,O15.7,O15.8,O15.9,O16.0,O16.1,O16.2,O16.3,O16.4,O16.5,O16.6,O16.7,O16.8,O16.9"
370,Maternal obstructed labor and uterine rupture,"O32-O33.9, O64-O66.9, O71-O71.9","O32.0,O32.1,O32.2,O32.3,O32.4,O32.5,O32.6,O32.7,O32.8,O32.9,O33.0,O33.1,O33.2,O33.3,O33.4,O33.5,O33.6,O33.7,O33.8,O33.9,O64.0,O64.1,O64.2,O64.3,O64.4,O64.5,O64.6,O64.7,O64.8,O64.9,O65.0,O65.1,O65.2,O65.3,O65.4,O65.5,O65.6,O65.7,O65.8,O65.9,O66.0,O66.1,O66.2,O66.3,O66.4,O66.5,O66.6,O66.7,O66.8,O66.9,O71.0,O71.1,O71.2,O71.3,O71.4,O71.5,O71.6,O71.7,O71.8,O71.9"
371,"Maternal abortion, miscarriage, and ectopic pregnancy","N96, O00-O07.9","N96.0,N96.1,N96.2,N96.3,N96.4,N96.5,N96.6,N96.7,N96.8,N96.9,O00.0,O00.1,O00.2,O00.3,O00.4,O00.5,O00.6,O00.7,O00.8,O00.9,O01.0,O01.1,O01.2,O01.3,O01.4,O01.5,O01.6,O01.7,O01.8,O01.9,O02.0,O02.1,O02.2,O02.3,O02.4,O02.5,O02.6,O02.7,O02.8,O02.9,O03.0,O03.1,O03.2,O03.3,O03.4,O03.5,O03.6,O03.7,O03.8,O03.9,O04.0,O04.1,O04.2,O04.3,O04.4,O04.5,O04.6,O04.7,O04.8,O04.9,O05.0,O05.1,O05.2,O05.3,O05.4,O05.5,O05.6,O05.7,O05.8,O05.9,O06.0,O06.1,O06.2,O06.3,O06.4,O06.5,O06.6,O06.7,O06.8,O06.9,O07.0,O07.1,O07.2,O07.3,O07.4,O07.5,O07.6,O07.7,O07.8,O07.9"
375,Indirect maternal deaths,"O24-O25.3, O98-O98.6, O98.8-O99.9","O24.0,O24.1,O24.2,O24.3,O24.4,O24.5,O24.6,O24.7,O24.8,O24.9,O25.0,O25.1,O25.2,O25.3,O98.8,O98.9,O99.0,O99.1,O99.2,O99.3,O99.4,O99.5,O99.6,O99.7,O99.8,O99.9,O98.0,O98.1,O98.2,O98.3,O98.4,O98.5,O98.6"
376,Late maternal deaths,O96-O97.9,"O96.0,O96.1,O96.2,O96.3,O96.4,O96.5,O96.6,O96.7,O96.8,O96.9,O97.0,O97.1,O97.2,O97.3,O97.4,O97.5,O97.6,O97.7,O97.8,O97.9"
379,Other maternal disorders,"N98-N98.9, O09-O09.9, O21-O22.9, O26-O26.9, O28-O31.8, O34-O36.9, O40-O43.1, O43.8-O43.9, O47-O48.1, O60-O61.9, O63-O63.9, O68-O69.9, O70.0-O70.9, O73-O77.9, O80-O84.9, O87-O90.9, O92-O92.7","N98.0,N98.1,N98.2,N98.3,N98.4,N98.5,N98.6,N98.7,N98.8,N98.9,O09.0,O09.1,O09.2,O09.3,O09.4,O09.5,O09.6,O09.7,O09.8,O09.9,O21.0,O21.1,O21.2,O21.3,O21.4,O21.5,O21.6,O21.7,O21.8,O21.9,O22.0,O22.1,O22.2,O22.3,O22.4,O22.5,O22.6,O22.7,O22.8,O22.9,O26.0,O26.1,O26.2,O26.3,O26.4,O26.5,O26.6,O26.7,O26.8,O26.9,O28.0,O28.1,O28.2,O28.3,O28.4,O28.5,O28.6,O28.7,O28.8,O28.9,O29.0,O29.1,O29.2,O29.3,O29.4,O29.5,O29.6,O29.7,O29.8,O29.9,O30.0,O30.1,O30.2,O30.3,O30.4,O30.5,O30.6,O30.7,O30.8,O30.9,O31.0,O31.1,O31.2,O31.3,O31.4,O31.5,O31.6,O31.7,O31.8,O34.0,O34.1,O34.2,O34.3,O34.4,O34.5,O34.6,O34.7,O34.8,O34.9,O35.0,O35.1,O35.2,O35.3,O35.4,O35.5,O35.6,O35.7,O35.8,O35.9,O36.0,O36.1,O36.2,O36.3,O36.4,O36.5,O36.6,O36.7,O36.8,O36.9,O40.0,O40.1,O40.2,O40.3,O40.4,O40.5,O40.6,O40.7,O40.8,O40.9,O41.0,O41.1,O41.2,O41.3,O41.4,O41.5,O41.6,O41.7,O41.8,O41.9,O42.0,O42.1,O42.2,O42.3,O42.4,O42.5,O42.6,O42.7,O42.8,O42.9,O43.0,O43.1,O43.8,O43.9,O47.0,O47.1,O47.2,O47.3,O47.4,O47.5,O47.6,O47.7,O47.8,O47.9,O48.0,O48.1,O60.0,O60.1,O60.2,O60.3,O60.4,O60.5,O60.6,O60.7,O60.8,O60.9,O61.0,O61.1,O61.2,O61.3,O61.4,O61.5,O61.6,O61.7,O61.8,O61.9,O63.0,O63.1,O63.2,O63.3,O63.4,O63.5,O63.6,O63.7,O63.8,O63.9,O68.0,O68.1,O68.2,O68.3,O68.4,O68.5,O68.6,O68.7,O68.8,O68.9,O69.0,O69.1,O69.2,O69.3,O69.4,O69.5,O69.6,O69.7,O69.8,O69.9,O70.0,O70.1,O70.2,O70.3,O70.4,O70.5,O70.6,O70.7,O70.8,O70.9,O73.0,O73.1,O73.2,O73.3,O73.4,O73.5,O73.6,O73.7,O73.8,O73.9,O74.0,O74.1,O74.2,O74.3,O74.4,O74.5,O74.6,O74.7,O74.8,O74.9,O75.0,O75.1,O75.2,O75.3,O75.4,O75.5,O75.6,O75.7,O75.8,O75.9,O76.0,O76.1,O76.2,O76.3,O76.4,O76.5,O76.6,O76.7,O76.8,O76.9,O77.0,O77.1,O77.2,O77.3,O77.4,O77.5,O77.6,O77.7,O77.8,O77.9,O80.0,O80.1,O80.2,O80.3,O80.4,O80.5,O80.6,O80.7,O80.8,O80.9,O81.0,O81.1,O81.2,O81.3,O81.4,O81.5,O81.6,O81.7,O81.8,O81.9,O82.0,O82.1,O82.2,O82.3,O82.4,O82.5,O82.6,O82.7,O82.8,O82.9,O83.0,O83.1,O83.2,O83.3,O83.4,O83.5,O83.6,O83.7,O83.8,O83.9,O84.0,O84.1,O84.2,O84.3,O84.4,O84.5,O84.6,O84.7,O84.8,O84.9,O87.0,O87.1,O87.2,O87.3,O87.4,O87.5,O87.6,O87.7,O87.8,O87.9,O88.0,O88.1,O88.2,O88.3,O88.4,O88.5,O88.6,O88.7,O88.8,O88.9,O89.0,O89.1,O89.2,O89.3,O89.4,O89.5,O89.6,O89.7,O89.8,O89.9,O90.0,O90.1,O90.2,O90.3,O90.4,O90.5,O90.6,O90.7,O90.8,O90.9,O92.0,O92.1,O92.2,O92.3,O92.4,O92.5,O92.6,O92.7"
381,Neonatal preterm birth complications,"P01.0-P01.1, P07-P07.3, P22-P22.9, P25-P28.9, P61.2, P77-P77.9","P01.0,P01.1,P07.0,P07.1,P07.2,P07.3,P22.0,P22.1,P22.2,P22.3,P22.4,P22.5,P22.6,P22.7,P22.8,P22.9,P25.0,P25.1,P25.2,P25.3,P25.4,P25.5,P25.6,P25.7,P25.8,P25.9,P26.0,P26.1,P26.2,P26.3,P26.4,P26.5,P26.6,P26.7,P26.8,P26.9,P27.0,P27.1,P27.2,P27.3,P27.4,P27.5,P27.6,P27.7,P27.8,P27.9,P28.0,P28.1,P28.2,P28.3,P28.4,P28.5,P28.6,P28.7,P28.8,P28.9,P61.2,P77.0,P77.1,P77.2,P77.3,P77.4,P77.5,P77.6,P77.7,P77.8,P77.9"
382,Neonatal encephalopathy due to birth asphyxia and trauma,"P01.7, P02-P03.9, P10-P15.9, P20-P21.9, P24-P24.9, P90-P91.9","P01.7,P02.0,P02.1,P02.2,P02.3,P02.4,P02.5,P02.6,P02.7,P02.8,P02.9,P03.0,P03.1,P03.2,P03.3,P03.4,P03.5,P03.6,P03.7,P03.8,P03.9,P10.0,P10.1,P10.2,P10.3,P10.4,P10.5,P10.6,P10.7,P10.8,P10.9,P11.0,P11.1,P11.2,P11.3,P11.4,P11.5,P11.6,P11.7,P11.8,P11.9,P12.0,P12.1,P12.2,P12.3,P12.4,P12.5,P12.6,P12.7,P12.8,P12.9,P13.0,P13.1,P13.2,P13.3,P13.4,P13.5,P13.6,P13.7,P13.8,P13.9,P14.0,P14.1,P14.2,P14.3,P14.4,P14.5,P14.6,P14.7,P14.8,P14.9,P15.0,P15.1,P15.2,P15.3,P15.4,P15.5,P15.6,P15.7,P15.8,P15.9,P20.0,P20.1,P20.2,P20.3,P20.4,P20.5,P20.6,P20.7,P20.8,P20.9,P21.0,P21.1,P21.2,P21.3,P21.4,P21.5,P21.6,P21.7,P21.8,P21.9,P24.0,P24.1,P24.2,P24.3,P24.4,P24.5,P24.6,P24.7,P24.8,P24.9,P90.0,P90.1,P90.2,P90.3,P90.4,P90.5,P90.6,P90.7,P90.8,P90.9,P91.0,P91.1,P91.2,P91.3,P91.4,P91.5,P91.6,P91.7,P91.8,P91.9"
383,Neonatal sepsis and other neonatal infections,"P36-P36.9, P38-P39.9","P36.0,P36.1,P36.2,P36.3,P36.4,P36.5,P36.6,P36.7,P36.8,P36.9,P38.0,P38.1,P38.2,P38.3,P38.4,P38.5,P38.6,P38.7,P38.8,P38.9,P39.0,P39.1,P39.2,P39.3,P39.4,P39.5,P39.6,P39.7,P39.8,P39.9"
384,Hemolytic disease and other neonatal jaundice,P55-P59.9,"P55.0,P55.1,P55.2,P55.3,P55.4,P55.5,P55.6,P55.7,P55.8,P55.9,P56.0,P56.1,P56.2,P56.3,P56.4,P56.5,P56.6,P56.7,P56.8,P56.9,P57.0,P57.1,P57.2,P57.3,P57.4,P57.5,P57.6,P57.7,P57.8,P57.9,P58.0,P58.1,P58.2,P58.3,P58.4,P58.5,P58.6,P58.7,P58.8,P58.9,P59.0,P59.1,P59.2,P59.3,P59.4,P59.5,P59.6,P59.7,P59.8,P59.9"
385,Other neonatal disorders,"P00-P01, P01.2-P01.6, P01.8-P01.9, P04-P04.2, P04.5-P05.9, P08-P09, P19-P19.9, P29-P29.9, P50-P54.9, P60-P61.1, P61.3-P61.9, P70, P70.3-P72.9, P74-P76.9, P78-P78.9, P80-P81.9, P83-P84, P92-P94.9, P96, P96.3-P96.4, P96.8","P00.0,P00.1,P00.2,P00.3,P00.4,P00.5,P00.6,P00.7,P00.8,P00.9,P01.0,P01.1,P01.2,P01.3,P01.4,P01.5,P01.6,P01.7,P01.8,P01.9,P01.2,P01.3,P01.4,P01.5,P01.6,P01.8,P01.9,P04.5,P04.6,P04.7,P04.8,P04.9,P05.0,P05.1,P05.2,P05.3,P05.4,P05.5,P05.6,P05.7,P05.8,P05.9,P04.0,P04.1,P04.2,P08.0,P08.1,P08.2,P08.3,P08.4,P08.5,P08.6,P08.7,P08.8,P08.9,P09.0,P09.1,P09.2,P09.3,P09.4,P09.5,P09.6,P09.7,P09.8,P09.9,P19.0,P19.1,P19.2,P19.3,P19.4,P19.5,P19.6,P19.7,P19.8,P19.9,P29.0,P29.1,P29.2,P29.3,P29.4,P29.5,P29.6,P29.7,P29.8,P29.9,P50.0,P50.1,P50.2,P50.3,P50.4,P50.5,P50.6,P50.7,P50.8,P50.9,P51.0,P51.1,P51.2,P51.3,P51.4,P51.5,P51.6,P51.7,P51.8,P51.9,P52.0,P52.1,P52.2,P52.3,P52.4,P52.5,P52.6,P52.7,P52.8,P52.9,P53.0,P53.1,P53.2,P53.3,P53.4,P53.5,P53.6,P53.7,P53.8,P53.9,P54.0,P54.1,P54.2,P54.3,P54.4,P54.5,P54.6,P54.7,P54.8,P54.9,P60.0,P60.1,P60.2,P60.3,P60.4,P60.5,P60.6,P60.7,P60.8,P60.9,P61.0,P61.1,P61.3,P61.4,P61.5,P61.6,P61.7,P61.8,P61.9,P70.0,P70.1,P70.2,P70.3,P70.4,P70.5,P70.6,P70.7,P70.8,P70.9,P70.3,P70.4,P70.5,P70.6,P70.7,P70.8,P70.9,P71.0,P71.1,P71.2,P71.3,P71.4,P71.5,P71.6,P71.7,P71.8,P71.9,P72.0,P72.1,P72.2,P72.3,P72.4,P72.5,P72.6,P72.7,P72.8,P72.9,P74.0,P74.1,P74.2,P74.3,P74.4,P74.5,P74.6,P74.7,P74.8,P74.9,P75.0,P75.1,P75.2,P75.3,P75.4,P75.5,P75.6,P75.7,P75.8,P75.9,P76.0,P76.1,P76.2,P76.3,P76.4,P76.5,P76.6,P76.7,P76.8,P76.9,P78.0,P78.1,P78.2,P78.3,P78.4,P78.5,P78.6,P78.7,P78.8,P78.9,P80.0,P80.1,P80.2,P80.3,P80.4,P80.5,P80.6,P80.7,P80.8,P80.9,P81.0,P81.1,P81.2,P81.3,P81.4,P81.5,P81.6,P81.7,P81.8,P81.9,P83.0,P83.1,P83.2,P83.3,P83.4,P83.5,P83.6,P83.7,P83.8,P83.9,P84.0,P84.1,P84.2,P84.3,P84.4,P84.5,P84.6,P84.7,P84.8,P84.9,P92.0,P92.1,P92.2,P92.3,P92.4,P92.5,P92.6,P92.7,P92.8,P92.9,P93.0,P93.1,P93.2,P93.3,P93.4,P93.5,P93.6,P93.7,P93.8,P93.9,P94.0,P94.1,P94.2,P94.3,P94.4,P94.5,P94.6,P94.7,P94.8,P94.9,P96.0,P96.1,P96.2,P96.3,P96.4,P96.5,P96.6,P96.7,P96.8,P96.9,P96.3,P96.4,P96.8"
387,Protein-energy malnutrition,"E40-E46.9, E64.0","E40.0,E40.1,E40.2,E40.3,E40.4,E40.5,E40.6,E40.7,E40.8,E40.9,E41.0,E41.1,E41.2,E41.3,E41.4,E41.5,E41.6,E41.7,E41.8,E41.9,E42.0,E42.1,E42.2,E42.3,E42.4,E42.5,E42.6,E42.7,E42.8,E42.9,E43.0,E43.1,E43.2,E43.3,E43.4,E43.5,E43.6,E43.7,E43.8,E43.9,E44.0,E44.1,E44.2,E44.3,E44.4,E44.5,E44.6,E44.7,E44.8,E44.9,E45.0,E45.1,E45.2,E45.3,E45.4,E45.5,E45.6,E45.7,E45.8,E45.9,E46.0,E46.1,E46.2,E46.3,E46.4,E46.5,E46.6,E46.7,E46.8,E46.9,E64.0"
388,Iodine deficiency,E00-E02,"E00.0,E00.1,E00.2,E00.3,E00.4,E00.5,E00.6,E00.7,E00.8,E00.9,E01.0,E01.1,E01.2,E01.3,E01.4,E01.5,E01.6,E01.7,E01.8,E01.9,E02.0,E02.1,E02.2,E02.3,E02.4,E02.5,E02.6,E02.7,E02.8,E02.9"
389,Vitamin A deficiency,E50,"E50.0,E50.1,E50.2,E50.3,E50.4,E50.5,E50.6,E50.7,E50.8,E50.9"
390,Iron-deficiency anemia,D50.1-D50.8,"D50.1,D50.2,D50.3,D50.4,D50.5,D50.6,D50.7,D50.8"
391,Other nutritional deficiencies,"D51-D52.0, D52.8-D53.9, D64.3, E51-E61.9, E63-E64, E64.2-E64.3, M12.1","D51.0,D51.1,D51.2,D51.3,D51.4,D51.5,D51.6,D51.7,D51.8,D51.9,D52.0,D52.8,D52.9,D53.0,D53.1,D53.2,D53.3,D53.4,D53.5,D53.6,D53.7,D53.8,D53.9,D64.3,E51.0,E51.1,E51.2,E51.3,E51.4,E51.5,E51.6,E51.7,E51.8,E51.9,E52.0,E52.1,E52.2,E52.3,E52.4,E52.5,E52.6,E52.7,E52.8,E52.9,E53.0,E53.1,E53.2,E53.3,E53.4,E53.5,E53.6,E53.7,E53.8,E53.9,E54.0,E54.1,E54.2,E54.3,E54.4,E54.5,E54.6,E54.7,E54.8,E54.9,E55.0,E55.1,E55.2,E55.3,E55.4,E55.5,E55.6,E55.7,E55.8,E55.9,E56.0,E56.1,E56.2,E56.3,E56.4,E56.5,E56.6,E56.7,E56.8,E56.9,E57.0,E57.1,E57.2,E57.3,E57.4,E57.5,E57.6,E57.7,E57.8,E57.9,E58.0,E58.1,E58.2,E58.3,E58.4,E58.5,E58.6,E58.7,E58.8,E58.9,E59.0,E59.1,E59.2,E59.3,E59.4,E59.5,E59.6,E59.7,E59.8,E59.9,E60.0,E60.1,E60.2,E60.3,E60.4,E60.5,E60.6,E60.7,E60.8,E60.9,E61.0,E61.1,E61.2,E61.3,E61.4,E61.5,E61.6,E61.7,E61.8,E61.9,E63.0,E63.1,E63.2,E63.3,E63.4,E63.5,E63.6,E63.7,E63.8,E63.9,E64.0,E64.1,E64.2,E64.3,E64.4,E64.5,E64.6,E64.7,E64.8,E64.9,E64.2,E64.3,M12.1"
393,Sexually transmitted diseases excluding HIV,"A50-A58, A60-A60.9, A63-A63.8, B63, I98.0, K67.0-K67.2, M03.1, M73.0-M73.1","A50.0,A50.1,A50.2,A50.3,A50.4,A50.5,A50.6,A50.7,A50.8,A50.9,A51.0,A51.1,A51.2,A51.3,A51.4,A51.5,A51.6,A51.7,A51.8,A51.9,A52.0,A52.1,A52.2,A52.3,A52.4,A52.5,A52.6,A52.7,A52.8,A52.9,A53.0,A53.1,A53.2,A53.3,A53.4,A53.5,A53.6,A53.7,A53.8,A53.9,A54.0,A54.1,A54.2,A54.3,A54.4,A54.5,A54.6,A54.7,A54.8,A54.9,A55.0,A55.1,A55.2,A55.3,A55.4,A55.5,A55.6,A55.7,A55.8,A55.9,A56.0,A56.1,A56.2,A56.3,A56.4,A56.5,A56.6,A56.7,A56.8,A56.9,A57.0,A57.1,A57.2,A57.3,A57.4,A57.5,A57.6,A57.7,A57.8,A57.9,A58.0,A58.1,A58.2,A58.3,A58.4,A58.5,A58.6,A58.7,A58.8,A58.9,A60.0,A60.1,A60.2,A60.3,A60.4,A60.5,A60.6,A60.7,A60.8,A60.9,A63.0,A63.1,A63.2,A63.3,A63.4,A63.5,A63.6,A63.7,A63.8,B63.0,B63.1,B63.2,B63.3,B63.4,B63.5,B63.6,B63.7,B63.8,B63.9,I98.0,K67.0,K67.1,K67.2,M03.1,M73.0,M73.1"
400,Hepatitis,"B15-B17.9, B19-B19.9, B94.2, K71.2, K71.6, P35.3","B15.0,B15.1,B15.2,B15.3,B15.4,B15.5,B15.6,B15.7,B15.8,B15.9,B16.0,B16.1,B16.2,B16.3,B16.4,B16.5,B16.6,B16.7,B16.8,B16.9,B17.0,B17.1,B17.2,B17.3,B17.4,B17.5,B17.6,B17.7,B17.8,B17.9,B19.0,B19.1,B19.2,B19.3,B19.4,B19.5,B19.6,B19.7,B19.8,B19.9,B94.2,K71.2,K71.6,P35.3"
405,Leprosy,A30-A30.9,"A30.0,A30.1,A30.2,A30.3,A30.4,A30.5,A30.6,A30.7,A30.8,A30.9"
408,Other infectious diseases,"A20-A28.9, A32-A32.9, A38-A38.9, A48.2, A48.4-A48.5, A49.1, A65-A65.0, A69-A69.1, A74, A74.8-A74.9, A80-A81.9, A88-A89.9, B00-B00.9, B03-B04, B06-B06.9, B10-B10.8, B25-B27.9, B29.4, B33, B33.3-B33.8, B47-B48.8, B91, B95-B95.5, G14-G14.6, I00, I02, I02.9, I98.1, J02.0, J03.0, K67.8, K74.7-K74.8, K75.3, K76.3, K77.0, M49.1, M89.6, P35-P35.2, P35.9, P37, P37.2, P37.5-P37.9, U82-U84, U85-U89, Z16-Z16.3","A20.0,A20.1,A20.2,A20.3,A20.4,A20.5,A20.6,A20.7,A20.8,A20.9,A21.0,A21.1,A21.2,A21.3,A21.4,A21.5,A21.6,A21.7,A21.8,A21.9,A22.0,A22.1,A22.2,A22.3,A22.4,A22.5,A22.6,A22.7,A22.8,A22.9,A23.0,A23.1,A23.2,A23.3,A23.4,A23.5,A23.6,A23.7,A23.8,A23.9,A24.0,A24.1,A24.2,A24.3,A24.4,A24.5,A24.6,A24.7,A24.8,A24.9,A25.0,A25.1,A25.2,A25.3,A25.4,A25.5,A25.6,A25.7,A25.8,A25.9,A26.0,A26.1,A26.2,A26.3,A26.4,A26.5,A26.6,A26.7,A26.8,A26.9,A27.0,A27.1,A27.2,A27.3,A27.4,A27.5,A27.6,A27.7,A27.8,A27.9,A28.0,A28.1,A28.2,A28.3,A28.4,A28.5,A28.6,A28.7,A28.8,A28.9,A32.0,A32.1,A32.2,A32.3,A32.4,A32.5,A32.6,A32.7,A32.8,A32.9,A38.0,A38.1,A38.2,A38.3,A38.4,A38.5,A38.6,A38.7,A38.8,A38.9,A48.2,A48.4,A48.5,A49.1,A65.0,A69.0,A69.1,A74.0,A74.1,A74.2,A74.3,A74.4,A74.5,A74.6,A74.7,A74.8,A74.9,A74.8,A74.9,A80.0,A80.1,A80.2,A80.3,A80.4,A80.5,A80.6,A80.7,A80.8,A80.9,A81.0,A81.1,A81.2,A81.3,A81.4,A81.5,A81.6,A81.7,A81.8,A81.9,A88.0,A88.1,A88.2,A88.3,A88.4,A88.5,A88.6,A88.7,A88.8,A88.9,A89.0,A89.1,A89.2,A89.3,A89.4,A89.5,A89.6,A89.7,A89.8,A89.9,B00.0,B00.1,B00.2,B00.3,B00.4,B00.5,B00.6,B00.7,B00.8,B00.9,B03.0,B03.1,B03.2,B03.3,B03.4,B03.5,B03.6,B03.7,B03.8,B03.9,B04.0,B04.1,B04.2,B04.3,B04.4,B04.5,B04.6,B04.7,B04.8,B04.9,B06.0,B06.1,B06.2,B06.3,B06.4,B06.5,B06.6,B06.7,B06.8,B06.9,B10.0,B10.1,B10.2,B10.3,B10.4,B10.5,B10.6,B10.7,B10.8,B25.0,B25.1,B25.2,B25.3,B25.4,B25.5,B25.6,B25.7,B25.8,B25.9,B26.0,B26.1,B26.2,B26.3,B26.4,B26.5,B26.6,B26.7,B26.8,B26.9,B27.0,B27.1,B27.2,B27.3,B27.4,B27.5,B27.6,B27.7,B27.8,B27.9,B29.4,B33.0,B33.1,B33.2,B33.3,B33.4,B33.5,B33.6,B33.7,B33.8,B33.9,B33.3,B33.4,B33.5,B33.6,B33.7,B33.8,B47.0,B47.1,B47.2,B47.3,B47.4,B47.5,B47.6,B47.7,B47.8,B47.9,B48.0,B48.1,B48.2,B48.3,B48.4,B48.5,B48.6,B48.7,B48.8,B91.0,B91.1,B91.2,B91.3,B91.4,B91.5,B91.6,B91.7,B91.8,B91.9,B95.0,B95.1,B95.2,B95.3,B95.4,B95.5,G14.0,G14.1,G14.2,G14.3,G14.4,G14.5,G14.6,I00.0,I00.1,I00.2,I00.3,I00.4,I00.5,I00.6,I00.7,I00.8,I00.9,I02.0,I02.1,I02.2,I02.3,I02.4,I02.5,I02.6,I02.7,I02.8,I02.9,I02.9,I98.1,J02.0,J03.0,K67.8,K74.7,K74.8,K75.3,K76.3,K77.0,M49.1,M89.6,P35.9,P35.0,P35.1,P35.2,P37.0,P37.1,P37.2,P37.3,P37.4,P37.5,P37.6,P37.7,P37.8,P37.9,P37.2,P37.5,P37.6,P37.7,P37.8,P37.9,U82.0,U82.1,U82.2,U82.3,U82.4,U82.5,U82.6,U82.7,U82.8,U82.9,U83.0,U83.1,U83.2,U83.3,U83.4,U83.5,U83.6,U83.7,U83.8,U83.9,U84.0,U84.1,U84.2,U84.3,U84.4,U84.5,U84.6,U84.7,U84.8,U84.9,U85.0,U85.1,U85.2,U85.3,U85.4,U85.5,U85.6,U85.7,U85.8,U85.9,U86.0,U86.1,U86.2,U86.3,U86.4,U86.5,U86.6,U86.7,U86.8,U86.9,U87.0,U87.1,U87.2,U87.3,U87.4,U87.5,U87.6,U87.7,U87.8,U87.9,U88.0,U88.1,U88.2,U88.3,U88.4,U88.5,U88.6,U88.7,U88.8,U88.9,U89.0,U89.1,U89.2,U89.3,U89.4,U89.5,U89.6,U89.7,U89.8,U89.9,Z16.0,Z16.1,Z16.2,Z16.3"
411,Esophageal cancer,"C15-C15.9, D00.1, D13.0","C15.0,C15.1,C15.2,C15.3,C15.4,C15.5,C15.6,C15.7,C15.8,C15.9,D00.1,D13.0"
414,Stomach cancer,"C16-C16.9, D00.2, D13.1, D37.1","C16.0,C16.1,C16.2,C16.3,C16.4,C16.5,C16.6,C16.7,C16.8,C16.9,D00.2,D13.1,D37.1"
417,Liver cancer,"C22-C22.9, D13.4","C22.0,C22.1,C22.2,C22.3,C22.4,C22.5,C22.6,C22.7,C22.8,C22.9,D13.4"
423,Larynx cancer,"C32-C32.9, D02.0, D14.1, D38.0","C32.0,C32.1,C32.2,C32.3,C32.4,C32.5,C32.6,C32.7,C32.8,C32.9,D02.0,D14.1,D38.0"
426,"Tracheal, bronchus, and lung cancer","C33-C34.9, D02.1-D02.3, D14.2-D14.3, D38.1","C33.0,C33.1,C33.2,C33.3,C33.4,C33.5,C33.6,C33.7,C33.8,C33.9,C34.0,C34.1,C34.2,C34.3,C34.4,C34.5,C34.6,C34.7,C34.8,C34.9,D02.1,D02.2,D02.3,D14.2,D14.3,D38.1"
429,Breast cancer,"C50-C50.9, D05-D05.9, D24-D24.9, D48.6, D49.3, N60-N60.9","C50.0,C50.1,C50.2,C50.3,C50.4,C50.5,C50.6,C50.7,C50.8,C50.9,D05.0,D05.1,D05.2,D05.3,D05.4,D05.5,D05.6,D05.7,D05.8,D05.9,D24.0,D24.1,D24.2,D24.3,D24.4,D24.5,D24.6,D24.7,D24.8,D24.9,D48.6,D49.3,N60.0,N60.1,N60.2,N60.3,N60.4,N60.5,N60.6,N60.7,N60.8,N60.9"
432,Cervical cancer,"C53-C53.9, D06-D06.9, D26.0","C53.0,C53.1,C53.2,C53.3,C53.4,C53.5,C53.6,C53.7,C53.8,C53.9,D06.0,D06.1,D06.2,D06.3,D06.4,D06.5,D06.6,D06.7,D06.8,D06.9,D26.0"
435,Uterine cancer,"C54-C54.9, D07.0-D07.2, N87-N87.9","C54.0,C54.1,C54.2,C54.3,C54.4,C54.5,C54.6,C54.7,C54.8,C54.9,D07.0,D07.1,D07.2,N87.0,N87.1,N87.2,N87.3,N87.4,N87.5,N87.6,N87.7,N87.8,N87.9"
438,Prostate cancer,"C61-C61.9, D07.5, D29.1, D40.0","C61.0,C61.1,C61.2,C61.3,C61.4,C61.5,C61.6,C61.7,C61.8,C61.9,D07.5,D29.1,D40.0"
441,Colon and rectum cancer,"C18-C21.9, D01.0-D01.3, D12-D12.9, D37.3-D37.5","C18.0,C18.1,C18.2,C18.3,C18.4,C18.5,C18.6,C18.7,C18.8,C18.9,C19.0,C19.1,C19.2,C19.3,C19.4,C19.5,C19.6,C19.7,C19.8,C19.9,C20.0,C20.1,C20.2,C20.3,C20.4,C20.5,C20.6,C20.7,C20.8,C20.9,C21.0,C21.1,C21.2,C21.3,C21.4,C21.5,C21.6,C21.7,C21.8,C21.9,D01.0,D01.1,D01.2,D01.3,D12.0,D12.1,D12.2,D12.3,D12.4,D12.5,D12.6,D12.7,D12.8,D12.9,D37.3,D37.4,D37.5"
444,Lip and oral cavity cancer,"C00-C08.9, D10.0-D10.5, D11-D11.9","C00.0,C00.1,C00.2,C00.3,C00.4,C00.5,C00.6,C00.7,C00.8,C00.9,C01.0,C01.1,C01.2,C01.3,C01.4,C01.5,C01.6,C01.7,C01.8,C01.9,C02.0,C02.1,C02.2,C02.3,C02.4,C02.5,C02.6,C02.7,C02.8,C02.9,C03.0,C03.1,C03.2,C03.3,C03.4,C03.5,C03.6,C03.7,C03.8,C03.9,C04.0,C04.1,C04.2,C04.3,C04.4,C04.5,C04.6,C04.7,C04.8,C04.9,C05.0,C05.1,C05.2,C05.3,C05.4,C05.5,C05.6,C05.7,C05.8,C05.9,C06.0,C06.1,C06.2,C06.3,C06.4,C06.5,C06.6,C06.7,C06.8,C06.9,C07.0,C07.1,C07.2,C07.3,C07.4,C07.5,C07.6,C07.7,C07.8,C07.9,C08.0,C08.1,C08.2,C08.3,C08.4,C08.5,C08.6,C08.7,C08.8,C08.9,D10.0,D10.1,D10.2,D10.3,D10.4,D10.5,D11.0,D11.1,D11.2,D11.3,D11.4,D11.5,D11.6,D11.7,D11.8,D11.9"
447,Nasopharynx cancer,"C11-C11.9, D10.6","C11.0,C11.1,C11.2,C11.3,C11.4,C11.5,C11.6,C11.7,C11.8,C11.9,D10.6"
450,Other pharynx cancer,"C09-C10.9, C12-C13.9, D10.7","C 9.0,C 9.1,C 9.2,C 9.3,C 9.4,C 9.5,C 9.6,C 9.7,C 9.8,C 9.9,C10.0,C10.1,C10.2,C10.3,C10.4,C10.5,C10.6,C10.7,C10.8,C10.9,C12.0,C12.1,C12.2,C12.3,C12.4,C12.5,C12.6,C12.7,C12.8,C12.9,C13.0,C13.1,C13.2,C13.3,C13.4,C13.5,C13.6,C13.7,C13.8,C13.9,D10.7"
453,Gallbladder and biliary tract cancer,"C23-C24.9, D13.5","C23.0,C23.1,C23.2,C23.3,C23.4,C23.5,C23.6,C23.7,C23.8,C23.9,C24.0,C24.1,C24.2,C24.3,C24.4,C24.5,C24.6,C24.7,C24.8,C24.9,D13.5"
456,Pancreatic cancer,"C25-C25.9, D13.6-D13.7","C25.0,C25.1,C25.2,C25.3,C25.4,C25.5,C25.6,C25.7,C25.8,C25.9,D13.6,D13.7"
459,Malignant skin melanoma,"C43-C43.9, D03-D03.9, D22-D23.9, D48.5","C43.0,C43.1,C43.2,C43.3,C43.4,C43.5,C43.6,C43.7,C43.8,C43.9,D03.0,D03.1,D03.2,D03.3,D03.4,D03.5,D03.6,D03.7,D03.8,D03.9,D22.0,D22.1,D22.2,D22.3,D22.4,D22.5,D22.6,D22.7,D22.8,D22.9,D23.0,D23.1,D23.2,D23.3,D23.4,D23.5,D23.6,D23.7,D23.8,D23.9,D48.5"
462,Non-melanoma skin cancer,"C44-C44.9, D04-D04.9, D49.2","C44.0,C44.1,C44.2,C44.3,C44.4,C44.5,C44.6,C44.7,C44.8,C44.9,D04.0,D04.1,D04.2,D04.3,D04.4,D04.5,D04.6,D04.7,D04.8,D04.9,D49.2"
465,Ovarian cancer,"C56-C56.9, D27-D27.9, D39.1","C56.0,C56.1,C56.2,C56.3,C56.4,C56.5,C56.6,C56.7,C56.8,C56.9,D27.0,D27.1,D27.2,D27.3,D27.4,D27.5,D27.6,D27.7,D27.8,D27.9,D39.1"
468,Testicular cancer,"C62-C62.9, D29.2-D29.8, D40.1-D40.8","C62.0,C62.1,C62.2,C62.3,C62.4,C62.5,C62.6,C62.7,C62.8,C62.9,D29.2,D29.3,D29.4,D29.5,D29.6,D29.7,D29.8,D40.1,D40.2,D40.3,D40.4,D40.5,D40.6,D40.7,D40.8"
471,Kidney cancer,"C64-C65.9, D30.0-D30.1, D41.0-D41.1","C64.0,C64.1,C64.2,C64.3,C64.4,C64.5,C64.6,C64.7,C64.8,C64.9,C65.0,C65.1,C65.2,C65.3,C65.4,C65.5,C65.6,C65.7,C65.8,C65.9,D30.0,D30.1,D41.0,D41.1"
474,Bladder cancer,"C67-C67.9, D09.0, D30.3, D41.4-D41.8, D49.4","C67.0,C67.1,C67.2,C67.3,C67.4,C67.5,C67.6,C67.7,C67.8,C67.9,D09.0,D30.3,D41.4,D41.5,D41.6,D41.7,D41.8,D49.4"
477,Brain and nervous system cancer,C70-C72.9,"C70.0,C70.1,C70.2,C70.3,C70.4,C70.5,C70.6,C70.7,C70.8,C70.9,C71.0,C71.1,C71.2,C71.3,C71.4,C71.5,C71.6,C71.7,C71.8,C71.9,C72.0,C72.1,C72.2,C72.3,C72.4,C72.5,C72.6,C72.7,C72.8,C72.9"
480,Thyroid cancer,"C73-C73.9, D09.3, D09.8, D34-D34.9, D44.0","C73.0,C73.1,C73.2,C73.3,C73.4,C73.5,C73.6,C73.7,C73.8,C73.9,D09.3,D09.8,D34.0,D34.1,D34.2,D34.3,D34.4,D34.5,D34.6,D34.7,D34.8,D34.9,D44.0"
483,Mesothelioma,C45-C45.9,"C45.0,C45.1,C45.2,C45.3,C45.4,C45.5,C45.6,C45.7,C45.8,C45.9"
484,Hodgkin lymphoma,C81-C81.9,"C81.0,C81.1,C81.2,C81.3,C81.4,C81.5,C81.6,C81.7,C81.8,C81.9"
485,Non-Hodgkin lymphoma,"C82-C86.6, C96-C96.9","C82.0,C82.1,C82.2,C82.3,C82.4,C82.5,C82.6,C82.7,C82.8,C82.9,C83.0,C83.1,C83.2,C83.3,C83.4,C83.5,C83.6,C83.7,C83.8,C83.9,C84.0,C84.1,C84.2,C84.3,C84.4,C84.5,C84.6,C84.7,C84.8,C84.9,C85.0,C85.1,C85.2,C85.3,C85.4,C85.5,C85.6,C85.7,C85.8,C85.9,C86.0,C86.1,C86.2,C86.3,C86.4,C86.5,C86.6,C96.0,C96.1,C96.2,C96.3,C96.4,C96.5,C96.6,C96.7,C96.8,C96.9"
486,Multiple myeloma,C88-C90.9,"C88.0,C88.1,C88.2,C88.3,C88.4,C88.5,C88.6,C88.7,C88.8,C88.9,C89.0,C89.1,C89.2,C89.3,C89.4,C89.5,C89.6,C89.7,C89.8,C89.9,C90.0,C90.1,C90.2,C90.3,C90.4,C90.5,C90.6,C90.7,C90.8,C90.9"
487,Leukemia,C91-C95.9,"C91.0,C91.1,C91.2,C91.3,C91.4,C91.5,C91.6,C91.7,C91.8,C91.9,C92.0,C92.1,C92.2,C92.3,C92.4,C92.5,C92.6,C92.7,C92.8,C92.9,C93.0,C93.1,C93.2,C93.3,C93.4,C93.5,C93.6,C93.7,C93.8,C93.9,C94.0,C94.1,C94.2,C94.3,C94.4,C94.5,C94.6,C94.7,C94.8,C94.9,C95.0,C95.1,C95.2,C95.3,C95.4,C95.5,C95.6,C95.7,C95.8,C95.9"
488,Other neoplasms,"C17-C17.9, C30-C31.9, C37-C38.8, C40-C41.9, C47-C4A, C51-C52.9, C57-C57.8, C58-C58.0, C60-C60.9, C63-C63.8, C66-C66.9, C68.0-C68.8, C69-C69.9, C74-C75.8, D07.4, D09.2, D13.2-D13.3, D14.0, D15-D16.9, D28.0-D28.1, D28.7, D29.0, D30.2, D30.4-D30.8, D31-D33.9, D35-D36, D36.1-D36.7, D37.2, D38.2-D38.5, D39.2, D39.8, D41.2-D41.3, D42-D43.9, D44.1-D44.8, D45-D47.0, D47.2-D47.9, D48.0-D48.4, D49.6, K31.7, K62.0-K62.1, K63.5, N84.0-N84.1","C17.0,C17.1,C17.2,C17.3,C17.4,C17.5,C17.6,C17.7,C17.8,C17.9,C30.0,C30.1,C30.2,C30.3,C30.4,C30.5,C30.6,C30.7,C30.8,C30.9,C31.0,C31.1,C31.2,C31.3,C31.4,C31.5,C31.6,C31.7,C31.8,C31.9,C37.0,C37.1,C37.2,C37.3,C37.4,C37.5,C37.6,C37.7,C37.8,C37.9,C38.0,C38.1,C38.2,C38.3,C38.4,C38.5,C38.6,C38.7,C38.8,C40.0,C40.1,C40.2,C40.3,C40.4,C40.5,C40.6,C40.7,C40.8,C40.9,C41.0,C41.1,C41.2,C41.3,C41.4,C41.5,C41.6,C41.7,C41.8,C41.9,C47.0,C47.1,C47.2,C47.3,C47.4,C47.5,C47.6,C47.7,C47.8,C47.9,C48.0,C48.1,C48.2,C48.3,C48.4,C48.5,C48.6,C48.7,C48.8,C48.9,C51.0,C51.1,C51.2,C51.3,C51.4,C51.5,C51.6,C51.7,C51.8,C51.9,C52.0,C52.1,C52.2,C52.3,C52.4,C52.5,C52.6,C52.7,C52.8,C52.9,C57.0,C57.1,C57.2,C57.3,C57.4,C57.5,C57.6,C57.7,C57.8,C58.0,C60.0,C60.1,C60.2,C60.3,C60.4,C60.5,C60.6,C60.7,C60.8,C60.9,C63.0,C63.1,C63.2,C63.3,C63.4,C63.5,C63.6,C63.7,C63.8,C66.0,C66.1,C66.2,C66.3,C66.4,C66.5,C66.6,C66.7,C66.8,C66.9,C68.0,C68.1,C68.2,C68.3,C68.4,C68.5,C68.6,C68.7,C68.8,C69.0,C69.1,C69.2,C69.3,C69.4,C69.5,C69.6,C69.7,C69.8,C69.9,C74.0,C74.1,C74.2,C74.3,C74.4,C74.5,C74.6,C74.7,C74.8,C74.9,C75.0,C75.1,C75.2,C75.3,C75.4,C75.5,C75.6,C75.7,C75.8,D07.4,D09.2,D13.2,D13.3,D14.0,D15.0,D15.1,D15.2,D15.3,D15.4,D15.5,D15.6,D15.7,D15.8,D15.9,D16.0,D16.1,D16.2,D16.3,D16.4,D16.5,D16.6,D16.7,D16.8,D16.9,D28.0,D28.1,D28.7,D29.0,D30.2,D30.4,D30.5,D30.6,D30.7,D30.8,D31.0,D31.1,D31.2,D31.3,D31.4,D31.5,D31.6,D31.7,D31.8,D31.9,D32.0,D32.1,D32.2,D32.3,D32.4,D32.5,D32.6,D32.7,D32.8,D32.9,D33.0,D33.1,D33.2,D33.3,D33.4,D33.5,D33.6,D33.7,D33.8,D33.9,D35.0,D35.1,D35.2,D35.3,D35.4,D35.5,D35.6,D35.7,D35.8,D35.9,D36.0,D36.1,D36.2,D36.3,D36.4,D36.5,D36.6,D36.7,D36.8,D36.9,D36.1,D36.2,D36.3,D36.4,D36.5,D36.6,D36.7,D37.2,D38.2,D38.3,D38.4,D38.5,D39.2,D39.8,D41.2,D41.3,D42.0,D42.1,D42.2,D42.3,D42.4,D42.5,D42.6,D42.7,D42.8,D42.9,D43.0,D43.1,D43.2,D43.3,D43.4,D43.5,D43.6,D43.7,D43.8,D43.9,D44.1,D44.2,D44.3,D44.4,D44.5,D44.6,D44.7,D44.8,D45.0,D45.1,D45.2,D45.3,D45.4,D45.5,D45.6,D45.7,D45.8,D45.9,D46.0,D46.1,D46.2,D46.3,D46.4,D46.5,D46.6,D46.7,D46.8,D46.9,D47.0,D47.2,D47.3,D47.4,D47.5,D47.6,D47.7,D47.8,D47.9,D48.0,D48.1,D48.2,D48.3,D48.4,D49.6,K31.7,K62.0,K62.1,K63.5,N84.0,N84.1"
492,Rheumatic heart disease,"I01-I01.9, I02.0, I05-I09.9","I01.0,I01.1,I01.2,I01.3,I01.4,I01.5,I01.6,I01.7,I01.8,I01.9,I02.0,I05.0,I05.1,I05.2,I05.3,I05.4,I05.5,I05.6,I05.7,I05.8,I05.9,I06.0,I06.1,I06.2,I06.3,I06.4,I06.5,I06.6,I06.7,I06.8,I06.9,I07.0,I07.1,I07.2,I07.3,I07.4,I07.5,I07.6,I07.7,I07.8,I07.9,I08.0,I08.1,I08.2,I08.3,I08.4,I08.5,I08.6,I08.7,I08.8,I08.9,I09.0,I09.1,I09.2,I09.3,I09.4,I09.5,I09.6,I09.7,I09.8,I09.9"
493,Ischemic heart disease,I20-I25.9,"I20.0,I20.1,I20.2,I20.3,I20.4,I20.5,I20.6,I20.7,I20.8,I20.9,I21.0,I21.1,I21.2,I21.3,I21.4,I21.5,I21.6,I21.7,I21.8,I21.9,I22.0,I22.1,I22.2,I22.3,I22.4,I22.5,I22.6,I22.7,I22.8,I22.9,I23.0,I23.1,I23.2,I23.3,I23.4,I23.5,I23.6,I23.7,I23.8,I23.9,I24.0,I24.1,I24.2,I24.3,I24.4,I24.5,I24.6,I24.7,I24.8,I24.9,I25.0,I25.1,I25.2,I25.3,I25.4,I25.5,I25.6,I25.7,I25.8,I25.9"
494,Cerebrovascular disease,"G45-G46.8, I60-I63.9, I65-I66.9, I67.0-I67.3, I67.5-I67.6, I68.1-I68.2, I69.0-I69.3","G45.0,G45.1,G45.2,G45.3,G45.4,G45.5,G45.6,G45.7,G45.8,G45.9,G46.0,G46.1,G46.2,G46.3,G46.4,G46.5,G46.6,G46.7,G46.8,I60.0,I60.1,I60.2,I60.3,I60.4,I60.5,I60.6,I60.7,I60.8,I60.9,I61.0,I61.1,I61.2,I61.3,I61.4,I61.5,I61.6,I61.7,I61.8,I61.9,I62.0,I62.1,I62.2,I62.3,I62.4,I62.5,I62.6,I62.7,I62.8,I62.9,I63.0,I63.1,I63.2,I63.3,I63.4,I63.5,I63.6,I63.7,I63.8,I63.9,I65.0,I65.1,I65.2,I65.3,I65.4,I65.5,I65.6,I65.7,I65.8,I65.9,I66.0,I66.1,I66.2,I66.3,I66.4,I66.5,I66.6,I66.7,I66.8,I66.9,I67.0,I67.1,I67.2,I67.3,I67.5,I67.6,I68.1,I68.2,I69.0,I69.1,I69.2,I69.3"
498,Hypertensive heart disease,I11-I11.9,"I11.0,I11.1,I11.2,I11.3,I11.4,I11.5,I11.6,I11.7,I11.8,I11.9"
499,Cardiomyopathy and myocarditis,"B33.2, I40-I41.9, I42.1-I42.8, I43-I43.9, I51.4","B33.2,I40.0,I40.1,I40.2,I40.3,I40.4,I40.5,I40.6,I40.7,I40.8,I40.9,I41.0,I41.1,I41.2,I41.3,I41.4,I41.5,I41.6,I41.7,I41.8,I41.9,I42.1,I42.2,I42.3,I42.4,I42.5,I42.6,I42.7,I42.8,I43.0,I43.1,I43.2,I43.3,I43.4,I43.5,I43.6,I43.7,I43.8,I43.9,I51.4"
500,Atrial fibrillation and flutter,I48-I48.9,"I48.0,I48.1,I48.2,I48.3,I48.4,I48.5,I48.6,I48.7,I48.8,I48.9"
501,Aortic aneurysm,I71-I71.9,"I71.0,I71.1,I71.2,I71.3,I71.4,I71.5,I71.6,I71.7,I71.8,I71.9"
502,Peripheral artery disease,"I70.2-I70.8, I73-I73.9","I70.2,I70.3,I70.4,I70.5,I70.6,I70.7,I70.8,I73.0,I73.1,I73.2,I73.3,I73.4,I73.5,I73.6,I73.7,I73.8,I73.9"
503,Endocarditis,"I33-I33.9, I38-I39.9","I33.0,I33.1,I33.2,I33.3,I33.4,I33.5,I33.6,I33.7,I33.8,I33.9,I38.0,I38.1,I38.2,I38.3,I38.4,I38.5,I38.6,I38.7,I38.8,I38.9,I39.0,I39.1,I39.2,I39.3,I39.4,I39.5,I39.6,I39.7,I39.8,I39.9"
507,Other cardiovascular and circulatory diseases,"I28-I28.8, I30-I31.1, I31.8-I32.8, I34-I37.9, I47-I47.9, I51.0-I51.3, I68.0, I72-I72.9, I77-I83.9, I86-I89.0, I89.9, I98, K75.1","I28.0,I28.1,I28.2,I28.3,I28.4,I28.5,I28.6,I28.7,I28.8,I30.0,I30.1,I30.2,I30.3,I30.4,I30.5,I30.6,I30.7,I30.8,I30.9,I31.0,I31.1,I31.8,I31.9,I32.0,I32.1,I32.2,I32.3,I32.4,I32.5,I32.6,I32.7,I32.8,I34.0,I34.1,I34.2,I34.3,I34.4,I34.5,I34.6,I34.7,I34.8,I34.9,I35.0,I35.1,I35.2,I35.3,I35.4,I35.5,I35.6,I35.7,I35.8,I35.9,I36.0,I36.1,I36.2,I36.3,I36.4,I36.5,I36.6,I36.7,I36.8,I36.9,I37.0,I37.1,I37.2,I37.3,I37.4,I37.5,I37.6,I37.7,I37.8,I37.9,I47.0,I47.1,I47.2,I47.3,I47.4,I47.5,I47.6,I47.7,I47.8,I47.9,I51.0,I51.1,I51.2,I51.3,I68.0,I72.0,I72.1,I72.2,I72.3,I72.4,I72.5,I72.6,I72.7,I72.8,I72.9,I77.0,I77.1,I77.2,I77.3,I77.4,I77.5,I77.6,I77.7,I77.8,I77.9,I78.0,I78.1,I78.2,I78.3,I78.4,I78.5,I78.6,I78.7,I78.8,I78.9,I79.0,I79.1,I79.2,I79.3,I79.4,I79.5,I79.6,I79.7,I79.8,I79.9,I80.0,I80.1,I80.2,I80.3,I80.4,I80.5,I80.6,I80.7,I80.8,I80.9,I81.0,I81.1,I81.2,I81.3,I81.4,I81.5,I81.6,I81.7,I81.8,I81.9,I82.0,I82.1,I82.2,I82.3,I82.4,I82.5,I82.6,I82.7,I82.8,I82.9,I83.0,I83.1,I83.2,I83.3,I83.4,I83.5,I83.6,I83.7,I83.8,I83.9,I86.0,I86.1,I86.2,I86.3,I86.4,I86.5,I86.6,I86.7,I86.8,I86.9,I87.0,I87.1,I87.2,I87.3,I87.4,I87.5,I87.6,I87.7,I87.8,I87.9,I88.0,I88.1,I88.2,I88.3,I88.4,I88.5,I88.6,I88.7,I88.8,I88.9,I89.0,I89.9,I98.0,I98.1,I98.2,I98.3,I98.4,I98.5,I98.6,I98.7,I98.8,I98.9,K75.1"
509,Chronic obstructive pulmonary disease,"J40-J44.9, J47-J47.9","J40.0,J40.1,J40.2,J40.3,J40.4,J40.5,J40.6,J40.7,J40.8,J40.9,J41.0,J41.1,J41.2,J41.3,J41.4,J41.5,J41.6,J41.7,J41.8,J41.9,J42.0,J42.1,J42.2,J42.3,J42.4,J42.5,J42.6,J42.7,J42.8,J42.9,J43.0,J43.1,J43.2,J43.3,J43.4,J43.5,J43.6,J43.7,J43.8,J43.9,J44.0,J44.1,J44.2,J44.3,J44.4,J44.5,J44.6,J44.7,J44.8,J44.9,J47.0,J47.1,J47.2,J47.3,J47.4,J47.5,J47.6,J47.7,J47.8,J47.9"
510,Pneumoconiosis,"J60-J63.8, J65-J65.0, J92.0","J60.0,J60.1,J60.2,J60.3,J60.4,J60.5,J60.6,J60.7,J60.8,J60.9,J61.0,J61.1,J61.2,J61.3,J61.4,J61.5,J61.6,J61.7,J61.8,J61.9,J62.0,J62.1,J62.2,J62.3,J62.4,J62.5,J62.6,J62.7,J62.8,J62.9,J63.0,J63.1,J63.2,J63.3,J63.4,J63.5,J63.6,J63.7,J63.8,J65.0,J92.0"
515,Asthma,J45-J46.9,"J45.0,J45.1,J45.2,J45.3,J45.4,J45.5,J45.6,J45.7,J45.8,J45.9,J46.0,J46.1,J46.2,J46.3,J46.4,J46.5,J46.6,J46.7,J46.8,J46.9"
516,Interstitial lung disease and pulmonary sarcoidosis,"D86-D86.2, D86.9, J84-J84.9","D86.9,D86.0,D86.1,D86.2,J84.0,J84.1,J84.2,J84.3,J84.4,J84.5,J84.6,J84.7,J84.8,J84.9"
520,Other chronic respiratory diseases,"G47.3, J30-J35.9, J37-J39.9, J66-J68.9, J70-J70.1, J70.8-J70.9, J82, J91-J92, J92.9","G47.3,J30.0,J30.1,J30.2,J30.3,J30.4,J30.5,J30.6,J30.7,J30.8,J30.9,J31.0,J31.1,J31.2,J31.3,J31.4,J31.5,J31.6,J31.7,J31.8,J31.9,J32.0,J32.1,J32.2,J32.3,J32.4,J32.5,J32.6,J32.7,J32.8,J32.9,J33.0,J33.1,J33.2,J33.3,J33.4,J33.5,J33.6,J33.7,J33.8,J33.9,J34.0,J34.1,J34.2,J34.3,J34.4,J34.5,J34.6,J34.7,J34.8,J34.9,J35.0,J35.1,J35.2,J35.3,J35.4,J35.5,J35.6,J35.7,J35.8,J35.9,J37.0,J37.1,J37.2,J37.3,J37.4,J37.5,J37.6,J37.7,J37.8,J37.9,J38.0,J38.1,J38.2,J38.3,J38.4,J38.5,J38.6,J38.7,J38.8,J38.9,J39.0,J39.1,J39.2,J39.3,J39.4,J39.5,J39.6,J39.7,J39.8,J39.9,J66.0,J66.1,J66.2,J66.3,J66.4,J66.5,J66.6,J66.7,J66.8,J66.9,J67.0,J67.1,J67.2,J67.3,J67.4,J67.5,J67.6,J67.7,J67.8,J67.9,J68.0,J68.1,J68.2,J68.3,J68.4,J68.5,J68.6,J68.7,J68.8,J68.9,J70.8,J70.9,J70.0,J70.1,J82.0,J82.1,J82.2,J82.3,J82.4,J82.5,J82.6,J82.7,J82.8,J82.9,J91.0,J91.1,J91.2,J91.3,J91.4,J91.5,J91.6,J91.7,J91.8,J91.9,J92.0,J92.1,J92.2,J92.3,J92.4,J92.5,J92.6,J92.7,J92.8,J92.9,J92.9"
527,Peptic ulcer disease,"K25-K28.9, K31, K31.1-K31.6, K31.8","K25.0,K25.1,K25.2,K25.3,K25.4,K25.5,K25.6,K25.7,K25.8,K25.9,K26.0,K26.1,K26.2,K26.3,K26.4,K26.5,K26.6,K26.7,K26.8,K26.9,K27.0,K27.1,K27.2,K27.3,K27.4,K27.5,K27.6,K27.7,K27.8,K27.9,K28.0,K28.1,K28.2,K28.3,K28.4,K28.5,K28.6,K28.7,K28.8,K28.9,K31.0,K31.1,K31.2,K31.3,K31.4,K31.5,K31.6,K31.7,K31.8,K31.9,K31.1,K31.2,K31.3,K31.4,K31.5,K31.6,K31.8"
528,Gastritis and duodenitis,K29-K29.9,"K29.0,K29.1,K29.2,K29.3,K29.4,K29.5,K29.6,K29.7,K29.8,K29.9"
529,Appendicitis,"K35-K37.9, K38.3-K38.9","K35.0,K35.1,K35.2,K35.3,K35.4,K35.5,K35.6,K35.7,K35.8,K35.9,K36.0,K36.1,K36.2,K36.3,K36.4,K36.5,K36.6,K36.7,K36.8,K36.9,K37.0,K37.1,K37.2,K37.3,K37.4,K37.5,K37.6,K37.7,K37.8,K37.9,K38.3,K38.4,K38.5,K38.6,K38.7,K38.8,K38.9"
530,Paralytic ileus and intestinal obstruction,K56-K56.9,"K56.0,K56.1,K56.2,K56.3,K56.4,K56.5,K56.6,K56.7,K56.8,K56.9"
531,"Inguinal, femoral, and abdominal hernia","K40-K42.9, K44-K46.9","K40.0,K40.1,K40.2,K40.3,K40.4,K40.5,K40.6,K40.7,K40.8,K40.9,K41.0,K41.1,K41.2,K41.3,K41.4,K41.5,K41.6,K41.7,K41.8,K41.9,K42.0,K42.1,K42.2,K42.3,K42.4,K42.5,K42.6,K42.7,K42.8,K42.9,K44.0,K44.1,K44.2,K44.3,K44.4,K44.5,K44.6,K44.7,K44.8,K44.9,K45.0,K45.1,K45.2,K45.3,K45.4,K45.5,K45.6,K45.7,K45.8,K45.9,K46.0,K46.1,K46.2,K46.3,K46.4,K46.5,K46.6,K46.7,K46.8,K46.9"
532,Inflammatory bowel disease,"K50-K52.9, M09.1","K50.0,K50.1,K50.2,K50.3,K50.4,K50.5,K50.6,K50.7,K50.8,K50.9,K51.0,K51.1,K51.2,K51.3,K51.4,K51.5,K51.6,K51.7,K51.8,K51.9,K52.0,K52.1,K52.2,K52.3,K52.4,K52.5,K52.6,K52.7,K52.8,K52.9,M09.1"
533,Vascular intestinal disorders,K55-K55.9,"K55.0,K55.1,K55.2,K55.3,K55.4,K55.5,K55.6,K55.7,K55.8,K55.9"
534,Gallbladder and biliary diseases,K80-K83.9,"K80.0,K80.1,K80.2,K80.3,K80.4,K80.5,K80.6,K80.7,K80.8,K80.9,K81.0,K81.1,K81.2,K81.3,K81.4,K81.5,K81.6,K81.7,K81.8,K81.9,K82.0,K82.1,K82.2,K82.3,K82.4,K82.5,K82.6,K82.7,K82.8,K82.9,K83.0,K83.1,K83.2,K83.3,K83.4,K83.5,K83.6,K83.7,K83.8,K83.9"
535,Pancreatitis,K85-K86.9,"K85.0,K85.1,K85.2,K85.3,K85.4,K85.5,K85.6,K85.7,K85.8,K85.9,K86.0,K86.1,K86.2,K86.3,K86.4,K86.5,K86.6,K86.7,K86.8,K86.9"
541,Other digestive diseases,"I84-I84.9, K20-K24, K31.0, K38-K38.2, K57-K62, K62.2-K62.6, K62.8-K62.9, K64-K64.9, K66.8, K67, K68-K68.9, K77, K90-K90.9, K92.8, K93.8","I84.0,I84.1,I84.2,I84.3,I84.4,I84.5,I84.6,I84.7,I84.8,I84.9,K20.0,K20.1,K20.2,K20.3,K20.4,K20.5,K20.6,K20.7,K20.8,K20.9,K21.0,K21.1,K21.2,K21.3,K21.4,K21.5,K21.6,K21.7,K21.8,K21.9,K22.0,K22.1,K22.2,K22.3,K22.4,K22.5,K22.6,K22.7,K22.8,K22.9,K23.0,K23.1,K23.2,K23.3,K23.4,K23.5,K23.6,K23.7,K23.8,K23.9,K24.0,K24.1,K24.2,K24.3,K24.4,K24.5,K24.6,K24.7,K24.8,K24.9,K31.0,K38.0,K38.1,K38.2,K57.0,K57.1,K57.2,K57.3,K57.4,K57.5,K57.6,K57.7,K57.8,K57.9,K58.0,K58.1,K58.2,K58.3,K58.4,K58.5,K58.6,K58.7,K58.8,K58.9,K59.0,K59.1,K59.2,K59.3,K59.4,K59.5,K59.6,K59.7,K59.8,K59.9,K60.0,K60.1,K60.2,K60.3,K60.4,K60.5,K60.6,K60.7,K60.8,K60.9,K61.0,K61.1,K61.2,K61.3,K61.4,K61.5,K61.6,K61.7,K61.8,K61.9,K62.0,K62.1,K62.2,K62.3,K62.4,K62.5,K62.6,K62.7,K62.8,K62.9,K62.2,K62.3,K62.4,K62.5,K62.6,K62.8,K62.9,K64.0,K64.1,K64.2,K64.3,K64.4,K64.5,K64.6,K64.7,K64.8,K64.9,K66.8,K67.0,K67.1,K67.2,K67.3,K67.4,K67.5,K67.6,K67.7,K67.8,K67.9,K68.0,K68.1,K68.2,K68.3,K68.4,K68.5,K68.6,K68.7,K68.8,K68.9,K77.0,K77.1,K77.2,K77.3,K77.4,K77.5,K77.6,K77.7,K77.8,K77.9,K90.0,K90.1,K90.2,K90.3,K90.4,K90.5,K90.6,K90.7,K90.8,K90.9,K92.8,K93.8"
543,Alzheimer disease and other dementias,"F00-F03.9, G30-G31.1, G31.8-G31.9","F00.0,F00.1,F00.2,F00.3,F00.4,F00.5,F00.6,F00.7,F00.8,F00.9,F01.0,F01.1,F01.2,F01.3,F01.4,F01.5,F01.6,F01.7,F01.8,F01.9,F02.0,F02.1,F02.2,F02.3,F02.4,F02.5,F02.6,F02.7,F02.8,F02.9,F03.0,F03.1,F03.2,F03.3,F03.4,F03.5,F03.6,F03.7,F03.8,F03.9,G30.0,G30.1,G30.2,G30.3,G30.4,G30.5,G30.6,G30.7,G30.8,G30.9,G31.0,G31.1,G31.8,G31.9"
544,Parkinson disease,"G20-G21.0, G21.2-G22.0","G20.0,G20.1,G20.2,G20.3,G20.4,G20.5,G20.6,G20.7,G20.8,G20.9,G21.0,G21.2,G21.3,G21.4,G21.5,G21.6,G21.7,G21.8,G21.9,G22.0"
545,Epilepsy,G40-G41.9,"G40.0,G40.1,G40.2,G40.3,G40.4,G40.5,G40.6,G40.7,G40.8,G40.9,G41.0,G41.1,G41.2,G41.3,G41.4,G41.5,G41.6,G41.7,G41.8,G41.9"
546,Multiple sclerosis,G35-G35.9,"G35.0,G35.1,G35.2,G35.3,G35.4,G35.5,G35.6,G35.7,G35.8,G35.9"
547,Migraine,G43,"G43.0,G43.1,G43.2,G43.3,G43.4,G43.5,G43.6,G43.7,G43.8,G43.9"
548,Tension-type headache,G44.2,G44.2
554,Motor neuron disease,G12.2-G12.9,"G12.2,G12.3,G12.4,G12.5,G12.6,G12.7,G12.8,G12.9"
557,Other neurological disorders,"G10-G12.1, G13-G13.8, G23-G24, G24.1-G25.0, G25.2-G25.3, G25.5, G25.8-G26.0, G36-G37.9, G61-G61.9, G70-G72, G72.2-G73.7, G90-G90.9, G95-G95.9, M33-M33.9","G10.0,G10.1,G10.2,G10.3,G10.4,G10.5,G10.6,G10.7,G10.8,G10.9,G11.0,G11.1,G11.2,G11.3,G11.4,G11.5,G11.6,G11.7,G11.8,G11.9,G12.0,G12.1,G13.0,G13.1,G13.2,G13.3,G13.4,G13.5,G13.6,G13.7,G13.8,G23.0,G23.1,G23.2,G23.3,G23.4,G23.5,G23.6,G23.7,G23.8,G23.9,G24.0,G24.1,G24.2,G24.3,G24.4,G24.5,G24.6,G24.7,G24.8,G24.9,G24.1,G24.2,G24.3,G24.4,G24.5,G24.6,G24.7,G24.8,G24.9,G25.0,G25.2,G25.3,G25.5,G25.8,G25.9,G26.0,G36.0,G36.1,G36.2,G36.3,G36.4,G36.5,G36.6,G36.7,G36.8,G36.9,G37.0,G37.1,G37.2,G37.3,G37.4,G37.5,G37.6,G37.7,G37.8,G37.9,G61.0,G61.1,G61.2,G61.3,G61.4,G61.5,G61.6,G61.7,G61.8,G61.9,G70.0,G70.1,G70.2,G70.3,G70.4,G70.5,G70.6,G70.7,G70.8,G70.9,G71.0,G71.1,G71.2,G71.3,G71.4,G71.5,G71.6,G71.7,G71.8,G71.9,G72.0,G72.1,G72.2,G72.3,G72.4,G72.5,G72.6,G72.7,G72.8,G72.9,G72.2,G72.3,G72.4,G72.5,G72.6,G72.7,G72.8,G72.9,G73.0,G73.1,G73.2,G73.3,G73.4,G73.5,G73.6,G73.7,G90.0,G90.1,G90.2,G90.3,G90.4,G90.5,G90.6,G90.7,G90.8,G90.9,G95.0,G95.1,G95.2,G95.3,G95.4,G95.5,G95.6,G95.7,G95.8,G95.9,M33.0,M33.1,M33.2,M33.3,M33.4,M33.5,M33.6,M33.7,M33.8,M33.9"
559,Schizophrenia,F20,"F20.0,F20.1,F20.2,F20.3,F20.4,F20.5,F20.6,F20.7,F20.8,F20.9"
560,Alcohol use disorders,"F10-F10.9, G31.2, G72.1, P04.3, Q86.0, R78.0, X45-X45.9, X65-X65.9, Y15-Y15.9","F10.0,F10.1,F10.2,F10.3,F10.4,F10.5,F10.6,F10.7,F10.8,F10.9,G31.2,G72.1,P04.3,Q86.0,R78.0,X45.0,X45.1,X45.2,X45.3,X45.4,X45.5,X45.6,X45.7,X45.8,X45.9,X65.0,X65.1,X65.2,X65.3,X65.4,X65.5,X65.6,X65.7,X65.8,X65.9,Y15.0,Y15.1,Y15.2,Y15.3,Y15.4,Y15.5,Y15.6,Y15.7,Y15.8,Y15.9"
561,Drug use disorders,"F11-F16.9, F18-F19.9, P04.4, P96.1, R78.1-R78.5","F11.0,F11.1,F11.2,F11.3,F11.4,F11.5,F11.6,F11.7,F11.8,F11.9,F12.0,F12.1,F12.2,F12.3,F12.4,F12.5,F12.6,F12.7,F12.8,F12.9,F13.0,F13.1,F13.2,F13.3,F13.4,F13.5,F13.6,F13.7,F13.8,F13.9,F14.0,F14.1,F14.2,F14.3,F14.4,F14.5,F14.6,F14.7,F14.8,F14.9,F15.0,F15.1,F15.2,F15.3,F15.4,F15.5,F15.6,F15.7,F15.8,F15.9,F16.0,F16.1,F16.2,F16.3,F16.4,F16.5,F16.6,F16.7,F16.8,F16.9,F18.0,F18.1,F18.2,F18.3,F18.4,F18.5,F18.6,F18.7,F18.8,F18.9,F19.0,F19.1,F19.2,F19.3,F19.4,F19.5,F19.6,F19.7,F19.8,F19.9,P04.4,P96.1,R78.1,R78.2,R78.3,R78.4,R78.5"
567,Depressive disorders,"F32, F43","F32.0,F32.1,F32.2,F32.3,F32.4,F32.5,F32.6,F32.7,F32.8,F32.9,F43.0,F43.1,F43.2,F43.3,F43.4,F43.5,F43.6,F43.7,F43.8,F43.9"
570,Bipolar disorder,F31,"F31.0,F31.1,F31.2,F31.3,F31.4,F31.5,F31.6,F31.7,F31.8,F31.9"
571,Anxiety disorders,"F40, F41","F40.0,F40.1,F40.2,F40.3,F40.4,F40.5,F40.6,F40.7,F40.8,F40.9,F41.0,F41.1,F41.2,F41.3,F41.4,F41.5,F41.6,F41.7,F41.8,F41.9"
572,Eating disorders,F50.0-F50.5,"F50.0,F50.1,F50.2,F50.3,F50.4,F50.5"
575,Autistic spectrum disorders,F84,"F84.0,F84.1,F84.2,F84.3,F84.4,F84.5,F84.6,F84.7,F84.8,F84.9"
578,Attention-deficit/hyperactivity disorder,F90,"F90.0,F90.1,F90.2,F90.3,F90.4,F90.5,F90.6,F90.7,F90.8,F90.9"
579,Conduct disorder,F91,"F91.0,F91.1,F91.2,F91.3,F91.4,F91.5,F91.6,F91.7,F91.8,F91.9"
582,Idiopathic developmental intellectual disability,F70-F79,"F70.0,F70.1,F70.2,F70.3,F70.4,F70.5,F70.6,F70.7,F70.8,F70.9,F71.0,F71.1,F71.2,F71.3,F71.4,F71.5,F71.6,F71.7,F71.8,F71.9,F72.0,F72.1,F72.2,F72.3,F72.4,F72.5,F72.6,F72.7,F72.8,F72.9,F73.0,F73.1,F73.2,F73.3,F73.4,F73.5,F73.6,F73.7,F73.8,F73.9,F74.0,F74.1,F74.2,F74.3,F74.4,F74.5,F74.6,F74.7,F74.8,F74.9,F75.0,F75.1,F75.2,F75.3,F75.4,F75.5,F75.6,F75.7,F75.8,F75.9,F76.0,F76.1,F76.2,F76.3,F76.4,F76.5,F76.6,F76.7,F76.8,F76.9,F77.0,F77.1,F77.2,F77.3,F77.4,F77.5,F77.6,F77.7,F77.8,F77.9,F78.0,F78.1,F78.2,F78.3,F78.4,F78.5,F78.6,F78.7,F78.8,F78.9,F79.0,F79.1,F79.2,F79.3,F79.4,F79.5,F79.6,F79.7,F79.8,F79.9"
585,Other mental and substance use disorders,F10-F90,"F10.0,F10.1,F10.2,F10.3,F10.4,F10.5,F10.6,F10.7,F10.8,F10.9,F11.0,F11.1,F11.2,F11.3,F11.4,F11.5,F11.6,F11.7,F11.8,F11.9,F12.0,F12.1,F12.2,F12.3,F12.4,F12.5,F12.6,F12.7,F12.8,F12.9,F13.0,F13.1,F13.2,F13.3,F13.4,F13.5,F13.6,F13.7,F13.8,F13.9,F14.0,F14.1,F14.2,F14.3,F14.4,F14.5,F14.6,F14.7,F14.8,F14.9,F15.0,F15.1,F15.2,F15.3,F15.4,F15.5,F15.6,F15.7,F15.8,F15.9,F16.0,F16.1,F16.2,F16.3,F16.4,F16.5,F16.6,F16.7,F16.8,F16.9,F17.0,F17.1,F17.2,F17.3,F17.4,F17.5,F17.6,F17.7,F17.8,F17.9,F18.0,F18.1,F18.2,F18.3,F18.4,F18.5,F18.6,F18.7,F18.8,F18.9,F19.0,F19.1,F19.2,F19.3,F19.4,F19.5,F19.6,F19.7,F19.8,F19.9,F20.0,F20.1,F20.2,F20.3,F20.4,F20.5,F20.6,F20.7,F20.8,F20.9,F21.0,F21.1,F21.2,F21.3,F21.4,F21.5,F21.6,F21.7,F21.8,F21.9,F22.0,F22.1,F22.2,F22.3,F22.4,F22.5,F22.6,F22.7,F22.8,F22.9,F23.0,F23.1,F23.2,F23.3,F23.4,F23.5,F23.6,F23.7,F23.8,F23.9,F24.0,F24.1,F24.2,F24.3,F24.4,F24.5,F24.6,F24.7,F24.8,F24.9,F25.0,F25.1,F25.2,F25.3,F25.4,F25.5,F25.6,F25.7,F25.8,F25.9,F26.0,F26.1,F26.2,F26.3,F26.4,F26.5,F26.6,F26.7,F26.8,F26.9,F27.0,F27.1,F27.2,F27.3,F27.4,F27.5,F27.6,F27.7,F27.8,F27.9,F28.0,F28.1,F28.2,F28.3,F28.4,F28.5,F28.6,F28.7,F28.8,F28.9,F29.0,F29.1,F29.2,F29.3,F29.4,F29.5,F29.6,F29.7,F29.8,F29.9,F30.0,F30.1,F30.2,F30.3,F30.4,F30.5,F30.6,F30.7,F30.8,F30.9,F31.0,F31.1,F31.2,F31.3,F31.4,F31.5,F31.6,F31.7,F31.8,F31.9,F32.0,F32.1,F32.2,F32.3,F32.4,F32.5,F32.6,F32.7,F32.8,F32.9,F33.0,F33.1,F33.2,F33.3,F33.4,F33.5,F33.6,F33.7,F33.8,F33.9,F34.0,F34.1,F34.2,F34.3,F34.4,F34.5,F34.6,F34.7,F34.8,F34.9,F35.0,F35.1,F35.2,F35.3,F35.4,F35.5,F35.6,F35.7,F35.8,F35.9,F36.0,F36.1,F36.2,F36.3,F36.4,F36.5,F36.6,F36.7,F36.8,F36.9,F37.0,F37.1,F37.2,F37.3,F37.4,F37.5,F37.6,F37.7,F37.8,F37.9,F38.0,F38.1,F38.2,F38.3,F38.4,F38.5,F38.6,F38.7,F38.8,F38.9,F39.0,F39.1,F39.2,F39.3,F39.4,F39.5,F39.6,F39.7,F39.8,F39.9,F40.0,F40.1,F40.2,F40.3,F40.4,F40.5,F40.6,F40.7,F40.8,F40.9,F41.0,F41.1,F41.2,F41.3,F41.4,F41.5,F41.6,F41.7,F41.8,F41.9,F42.0,F42.1,F42.2,F42.3,F42.4,F42.5,F42.6,F42.7,F42.8,F42.9,F43.0,F43.1,F43.2,F43.3,F43.4,F43.5,F43.6,F43.7,F43.8,F43.9,F44.0,F44.1,F44.2,F44.3,F44.4,F44.5,F44.6,F44.7,F44.8,F44.9,F45.0,F45.1,F45.2,F45.3,F45.4,F45.5,F45.6,F45.7,F45.8,F45.9,F46.0,F46.1,F46.2,F46.3,F46.4,F46.5,F46.6,F46.7,F46.8,F46.9,F47.0,F47.1,F47.2,F47.3,F47.4,F47.5,F47.6,F47.7,F47.8,F47.9,F48.0,F48.1,F48.2,F48.3,F48.4,F48.5,F48.6,F48.7,F48.8,F48.9,F49.0,F49.1,F49.2,F49.3,F49.4,F49.5,F49.6,F49.7,F49.8,F49.9,F50.0,F50.1,F50.2,F50.3,F50.4,F50.5,F50.6,F50.7,F50.8,F50.9,F51.0,F51.1,F51.2,F51.3,F51.4,F51.5,F51.6,F51.7,F51.8,F51.9,F52.0,F52.1,F52.2,F52.3,F52.4,F52.5,F52.6,F52.7,F52.8,F52.9,F53.0,F53.1,F53.2,F53.3,F53.4,F53.5,F53.6,F53.7,F53.8,F53.9,F54.0,F54.1,F54.2,F54.3,F54.4,F54.5,F54.6,F54.7,F54.8,F54.9,F55.0,F55.1,F55.2,F55.3,F55.4,F55.5,F55.6,F55.7,F55.8,F55.9,F56.0,F56.1,F56.2,F56.3,F56.4,F56.5,F56.6,F56.7,F56.8,F56.9,F57.0,F57.1,F57.2,F57.3,F57.4,F57.5,F57.6,F57.7,F57.8,F57.9,F58.0,F58.1,F58.2,F58.3,F58.4,F58.5,F58.6,F58.7,F58.8,F58.9,F59.0,F59.1,F59.2,F59.3,F59.4,F59.5,F59.6,F59.7,F59.8,F59.9,F60.0,F60.1,F60.2,F60.3,F60.4,F60.5,F60.6,F60.7,F60.8,F60.9,F61.0,F61.1,F61.2,F61.3,F61.4,F61.5,F61.6,F61.7,F61.8,F61.9,F62.0,F62.1,F62.2,F62.3,F62.4,F62.5,F62.6,F62.7,F62.8,F62.9,F63.0,F63.1,F63.2,F63.3,F63.4,F63.5,F63.6,F63.7,F63.8,F63.9,F64.0,F64.1,F64.2,F64.3,F64.4,F64.5,F64.6,F64.7,F64.8,F64.9,F65.0,F65.1,F65.2,F65.3,F65.4,F65.5,F65.6,F65.7,F65.8,F65.9,F66.0,F66.1,F66.2,F66.3,F66.4,F66.5,F66.6,F66.7,F66.8,F66.9,F67.0,F67.1,F67.2,F67.3,F67.4,F67.5,F67.6,F67.7,F67.8,F67.9,F68.0,F68.1,F68.2,F68.3,F68.4,F68.5,F68.6,F68.7,F68.8,F68.9,F69.0,F69.1,F69.2,F69.3,F69.4,F69.5,F69.6,F69.7,F69.8,F69.9,F70.0,F70.1,F70.2,F70.3,F70.4,F70.5,F70.6,F70.7,F70.8,F70.9,F71.0,F71.1,F71.2,F71.3,F71.4,F71.5,F71.6,F71.7,F71.8,F71.9,F72.0,F72.1,F72.2,F72.3,F72.4,F72.5,F72.6,F72.7,F72.8,F72.9,F73.0,F73.1,F73.2,F73.3,F73.4,F73.5,F73.6,F73.7,F73.8,F73.9,F74.0,F74.1,F74.2,F74.3,F74.4,F74.5,F74.6,F74.7,F74.8,F74.9,F75.0,F75.1,F75.2,F75.3,F75.4,F75.5,F75.6,F75.7,F75.8,F75.9,F76.0,F76.1,F76.2,F76.3,F76.4,F76.5,F76.6,F76.7,F76.8,F76.9,F77.0,F77.1,F77.2,F77.3,F77.4,F77.5,F77.6,F77.7,F77.8,F77.9,F78.0,F78.1,F78.2,F78.3,F78.4,F78.5,F78.6,F78.7,F78.8,F78.9,F79.0,F79.1,F79.2,F79.3,F79.4,F79.5,F79.6,F79.7,F79.8,F79.9,F80.0,F80.1,F80.2,F80.3,F80.4,F80.5,F80.6,F80.7,F80.8,F80.9,F81.0,F81.1,F81.2,F81.3,F81.4,F81.5,F81.6,F81.7,F81.8,F81.9,F82.0,F82.1,F82.2,F82.3,F82.4,F82.5,F82.6,F82.7,F82.8,F82.9,F83.0,F83.1,F83.2,F83.3,F83.4,F83.5,F83.6,F83.7,F83.8,F83.9,F84.0,F84.1,F84.2,F84.3,F84.4,F84.5,F84.6,F84.7,F84.8,F84.9,F85.0,F85.1,F85.2,F85.3,F85.4,F85.5,F85.6,F85.7,F85.8,F85.9,F86.0,F86.1,F86.2,F86.3,F86.4,F86.5,F86.6,F86.7,F86.8,F86.9,F87.0,F87.1,F87.2,F87.3,F87.4,F87.5,F87.6,F87.7,F87.8,F87.9,F88.0,F88.1,F88.2,F88.3,F88.4,F88.5,F88.6,F88.7,F88.8,F88.9,F89.0,F89.1,F89.2,F89.3,F89.4,F89.5,F89.6,F89.7,F89.8,F89.9,F90.0,F90.1,F90.2,F90.3,F90.4,F90.5,F90.6,F90.7,F90.8,F90.9"
587,Diabetes mellitus,"E10-E10.1, E10.3-E11.1, E11.3-E12.1, E12.3-E13.1, E13.3-E14.1, E14.3-E14.9, P70.0-P70.2, R73-R73.9","E10.3,E10.4,E10.5,E10.6,E10.7,E10.8,E10.9,E11.0,E11.1,E10.0,E10.1,E11.3,E11.4,E11.5,E11.6,E11.7,E11.8,E11.9,E12.0,E12.1,E12.3,E12.4,E12.5,E12.6,E12.7,E12.8,E12.9,E13.0,E13.1,E13.3,E13.4,E13.5,E13.6,E13.7,E13.8,E13.9,E14.0,E14.1,E14.3,E14.4,E14.5,E14.6,E14.7,E14.8,E14.9,P70.0,P70.1,P70.2,R73.0,R73.1,R73.2,R73.3,R73.4,R73.5,R73.6,R73.7,R73.8,R73.9"
588,Acute glomerulonephritis,N00-N01.9,"N00.0,N00.1,N00.2,N00.3,N00.4,N00.5,N00.6,N00.7,N00.8,N00.9,N01.0,N01.1,N01.2,N01.3,N01.4,N01.5,N01.6,N01.7,N01.8,N01.9"
589,Chronic kidney disease,"D63.1, E10.2, E11.2, E12.2, E13.2, E14.2, I12-I13.9, N02-N08.8, N15.0, N18-N18.9, Q61-Q62.8","D63.1,E10.2,E11.2,E12.2,E13.2,E14.2,I12.0,I12.1,I12.2,I12.3,I12.4,I12.5,I12.6,I12.7,I12.8,I12.9,I13.0,I13.1,I13.2,I13.3,I13.4,I13.5,I13.6,I13.7,I13.8,I13.9,N02.0,N02.1,N02.2,N02.3,N02.4,N02.5,N02.6,N02.7,N02.8,N02.9,N03.0,N03.1,N03.2,N03.3,N03.4,N03.5,N03.6,N03.7,N03.8,N03.9,N04.0,N04.1,N04.2,N04.3,N04.4,N04.5,N04.6,N04.7,N04.8,N04.9,N05.0,N05.1,N05.2,N05.3,N05.4,N05.5,N05.6,N05.7,N05.8,N05.9,N06.0,N06.1,N06.2,N06.3,N06.4,N06.5,N06.6,N06.7,N06.8,N06.9,N07.0,N07.1,N07.2,N07.3,N07.4,N07.5,N07.6,N07.7,N07.8,N07.9,N08.0,N08.1,N08.2,N08.3,N08.4,N08.5,N08.6,N08.7,N08.8,N15.0,N18.0,N18.1,N18.2,N18.3,N18.4,N18.5,N18.6,N18.7,N18.8,N18.9,Q61.0,Q61.1,Q61.2,Q61.3,Q61.4,Q61.5,Q61.6,Q61.7,Q61.8,Q61.9,Q62.0,Q62.1,Q62.2,Q62.3,Q62.4,Q62.5,Q62.6,Q62.7,Q62.8"
594,Urinary diseases and male infertility,"N10-N12.9, N15, N15.1-N16.8, N20-N23.0, N25-N28.1, N29-N32.0, N32.3-N32.4, N34-N34.3, N36-N36.9, N39-N39.2, N41-N41.9, N44-N44.0, N45-N45.9, N49-N49.9","N10.0,N10.1,N10.2,N10.3,N10.4,N10.5,N10.6,N10.7,N10.8,N10.9,N11.0,N11.1,N11.2,N11.3,N11.4,N11.5,N11.6,N11.7,N11.8,N11.9,N12.0,N12.1,N12.2,N12.3,N12.4,N12.5,N12.6,N12.7,N12.8,N12.9,N15.0,N15.1,N15.2,N15.3,N15.4,N15.5,N15.6,N15.7,N15.8,N15.9,N15.1,N15.2,N15.3,N15.4,N15.5,N15.6,N15.7,N15.8,N15.9,N16.0,N16.1,N16.2,N16.3,N16.4,N16.5,N16.6,N16.7,N16.8,N20.0,N20.1,N20.2,N20.3,N20.4,N20.5,N20.6,N20.7,N20.8,N20.9,N21.0,N21.1,N21.2,N21.3,N21.4,N21.5,N21.6,N21.7,N21.8,N21.9,N22.0,N22.1,N22.2,N22.3,N22.4,N22.5,N22.6,N22.7,N22.8,N22.9,N23.0,N25.0,N25.1,N25.2,N25.3,N25.4,N25.5,N25.6,N25.7,N25.8,N25.9,N26.0,N26.1,N26.2,N26.3,N26.4,N26.5,N26.6,N26.7,N26.8,N26.9,N27.0,N27.1,N27.2,N27.3,N27.4,N27.5,N27.6,N27.7,N27.8,N27.9,N28.0,N28.1,N29.0,N29.1,N29.2,N29.3,N29.4,N29.5,N29.6,N29.7,N29.8,N29.9,N30.0,N30.1,N30.2,N30.3,N30.4,N30.5,N30.6,N30.7,N30.8,N30.9,N31.0,N31.1,N31.2,N31.3,N31.4,N31.5,N31.6,N31.7,N31.8,N31.9,N32.0,N32.3,N32.4,N34.0,N34.1,N34.2,N34.3,N36.0,N36.1,N36.2,N36.3,N36.4,N36.5,N36.6,N36.7,N36.8,N36.9,N39.0,N39.1,N39.2,N41.0,N41.1,N41.2,N41.3,N41.4,N41.5,N41.6,N41.7,N41.8,N41.9,N44.0,N45.0,N45.1,N45.2,N45.3,N45.4,N45.5,N45.6,N45.7,N45.8,N45.9,N49.0,N49.1,N49.2,N49.3,N49.4,N49.5,N49.6,N49.7,N49.8,N49.9"
603,Gynecological diseases,"D25-D26, D26.1-D26.9, D28.2, E28.2, N72-N72.0, N75-N77.8, N80-N81.9, N83-N83.9","D25.0,D25.1,D25.2,D25.3,D25.4,D25.5,D25.6,D25.7,D25.8,D25.9,D26.0,D26.1,D26.2,D26.3,D26.4,D26.5,D26.6,D26.7,D26.8,D26.9,D26.1,D26.2,D26.3,D26.4,D26.5,D26.6,D26.7,D26.8,D26.9,D28.2,E28.2,N72.0,N75.0,N75.1,N75.2,N75.3,N75.4,N75.5,N75.6,N75.7,N75.8,N75.9,N76.0,N76.1,N76.2,N76.3,N76.4,N76.5,N76.6,N76.7,N76.8,N76.9,N77.0,N77.1,N77.2,N77.3,N77.4,N77.5,N77.6,N77.7,N77.8,N80.0,N80.1,N80.2,N80.3,N80.4,N80.5,N80.6,N80.7,N80.8,N80.9,N81.0,N81.1,N81.2,N81.3,N81.4,N81.5,N81.6,N81.7,N81.8,N81.9,N83.0,N83.1,N83.2,N83.3,N83.4,N83.5,N83.6,N83.7,N83.8,N83.9"
613,Hemoglobinopathies and hemolytic anemias,"D55-D58.9, D59.1, D59.3, D59.5, D60-D61.9, D64.0, D64.4","D55.0,D55.1,D55.2,D55.3,D55.4,D55.5,D55.6,D55.7,D55.8,D55.9,D56.0,D56.1,D56.2,D56.3,D56.4,D56.5,D56.6,D56.7,D56.8,D56.9,D57.0,D57.1,D57.2,D57.3,D57.4,D57.5,D57.6,D57.7,D57.8,D57.9,D58.0,D58.1,D58.2,D58.3,D58.4,D58.5,D58.6,D58.7,D58.8,D58.9,D59.1,D59.3,D59.5,D60.0,D60.1,D60.2,D60.3,D60.4,D60.5,D60.6,D60.7,D60.8,D60.9,D61.0,D61.1,D61.2,D61.3,D61.4,D61.5,D61.6,D61.7,D61.8,D61.9,D64.0,D64.4"
619,"Endocrine, metabolic, blood, and immune disorders","D52.1, D59.0, D59.2, D59.6, D66-D67, D68.0-D69.8, D70-D75.8, D76-D78.8, D86.8, D89-D89.3, E03-E07.1, E09-E09.9, E15.0, E16.0-E16.9, E20-E28.1, E28.3-E34.8, E36-E36.8, E65-E68, E70-E85.2, E88-E89.9, G21.1, G24.0, G25.1, G25.4, G25.6-G25.7, G72.0, G93.7, G97-G97.9, I95.2-I95.3, I97-I97.9, I98.9, J70.2-J70.5, J95-J95.9, K43-K43.9, K62.7, K91-K91.9, K94-K95.8, M87.1, N14-N14.4, N65-N65.1, N99-N99.9, P96.2, P96.5, R50.2","D52.1,D59.0,D59.2,D59.6,D66.0,D66.1,D66.2,D66.3,D66.4,D66.5,D66.6,D66.7,D66.8,D66.9,D67.0,D67.1,D67.2,D67.3,D67.4,D67.5,D67.6,D67.7,D67.8,D67.9,D68.0,D68.1,D68.2,D68.3,D68.4,D68.5,D68.6,D68.7,D68.8,D68.9,D69.0,D69.1,D69.2,D69.3,D69.4,D69.5,D69.6,D69.7,D69.8,D70.0,D70.1,D70.2,D70.3,D70.4,D70.5,D70.6,D70.7,D70.8,D70.9,D71.0,D71.1,D71.2,D71.3,D71.4,D71.5,D71.6,D71.7,D71.8,D71.9,D72.0,D72.1,D72.2,D72.3,D72.4,D72.5,D72.6,D72.7,D72.8,D72.9,D73.0,D73.1,D73.2,D73.3,D73.4,D73.5,D73.6,D73.7,D73.8,D73.9,D74.0,D74.1,D74.2,D74.3,D74.4,D74.5,D74.6,D74.7,D74.8,D74.9,D75.0,D75.1,D75.2,D75.3,D75.4,D75.5,D75.6,D75.7,D75.8,D76.0,D76.1,D76.2,D76.3,D76.4,D76.5,D76.6,D76.7,D76.8,D76.9,D77.0,D77.1,D77.2,D77.3,D77.4,D77.5,D77.6,D77.7,D77.8,D77.9,D78.0,D78.1,D78.2,D78.3,D78.4,D78.5,D78.6,D78.7,D78.8,D86.8,D89.0,D89.1,D89.2,D89.3,E03.0,E03.1,E03.2,E03.3,E03.4,E03.5,E03.6,E03.7,E03.8,E03.9,E04.0,E04.1,E04.2,E04.3,E04.4,E04.5,E04.6,E04.7,E04.8,E04.9,E05.0,E05.1,E05.2,E05.3,E05.4,E05.5,E05.6,E05.7,E05.8,E05.9,E06.0,E06.1,E06.2,E06.3,E06.4,E06.5,E06.6,E06.7,E06.8,E06.9,E07.0,E07.1,E09.0,E09.1,E09.2,E09.3,E09.4,E09.5,E09.6,E09.7,E09.8,E09.9,E15.0,E16.0,E16.1,E16.2,E16.3,E16.4,E16.5,E16.6,E16.7,E16.8,E16.9,E20.0,E20.1,E20.2,E20.3,E20.4,E20.5,E20.6,E20.7,E20.8,E20.9,E21.0,E21.1,E21.2,E21.3,E21.4,E21.5,E21.6,E21.7,E21.8,E21.9,E22.0,E22.1,E22.2,E22.3,E22.4,E22.5,E22.6,E22.7,E22.8,E22.9,E23.0,E23.1,E23.2,E23.3,E23.4,E23.5,E23.6,E23.7,E23.8,E23.9,E24.0,E24.1,E24.2,E24.3,E24.4,E24.5,E24.6,E24.7,E24.8,E24.9,E25.0,E25.1,E25.2,E25.3,E25.4,E25.5,E25.6,E25.7,E25.8,E25.9,E26.0,E26.1,E26.2,E26.3,E26.4,E26.5,E26.6,E26.7,E26.8,E26.9,E27.0,E27.1,E27.2,E27.3,E27.4,E27.5,E27.6,E27.7,E27.8,E27.9,E28.0,E28.1,E28.3,E28.4,E28.5,E28.6,E28.7,E28.8,E28.9,E29.0,E29.1,E29.2,E29.3,E29.4,E29.5,E29.6,E29.7,E29.8,E29.9,E30.0,E30.1,E30.2,E30.3,E30.4,E30.5,E30.6,E30.7,E30.8,E30.9,E31.0,E31.1,E31.2,E31.3,E31.4,E31.5,E31.6,E31.7,E31.8,E31.9,E32.0,E32.1,E32.2,E32.3,E32.4,E32.5,E32.6,E32.7,E32.8,E32.9,E33.0,E33.1,E33.2,E33.3,E33.4,E33.5,E33.6,E33.7,E33.8,E33.9,E34.0,E34.1,E34.2,E34.3,E34.4,E34.5,E34.6,E34.7,E34.8,E36.0,E36.1,E36.2,E36.3,E36.4,E36.5,E36.6,E36.7,E36.8,E65.0,E65.1,E65.2,E65.3,E65.4,E65.5,E65.6,E65.7,E65.8,E65.9,E66.0,E66.1,E66.2,E66.3,E66.4,E66.5,E66.6,E66.7,E66.8,E66.9,E67.0,E67.1,E67.2,E67.3,E67.4,E67.5,E67.6,E67.7,E67.8,E67.9,E68.0,E68.1,E68.2,E68.3,E68.4,E68.5,E68.6,E68.7,E68.8,E68.9,E70.0,E70.1,E70.2,E70.3,E70.4,E70.5,E70.6,E70.7,E70.8,E70.9,E71.0,E71.1,E71.2,E71.3,E71.4,E71.5,E71.6,E71.7,E71.8,E71.9,E72.0,E72.1,E72.2,E72.3,E72.4,E72.5,E72.6,E72.7,E72.8,E72.9,E73.0,E73.1,E73.2,E73.3,E73.4,E73.5,E73.6,E73.7,E73.8,E73.9,E74.0,E74.1,E74.2,E74.3,E74.4,E74.5,E74.6,E74.7,E74.8,E74.9,E75.0,E75.1,E75.2,E75.3,E75.4,E75.5,E75.6,E75.7,E75.8,E75.9,E76.0,E76.1,E76.2,E76.3,E76.4,E76.5,E76.6,E76.7,E76.8,E76.9,E77.0,E77.1,E77.2,E77.3,E77.4,E77.5,E77.6,E77.7,E77.8,E77.9,E78.0,E78.1,E78.2,E78.3,E78.4,E78.5,E78.6,E78.7,E78.8,E78.9,E79.0,E79.1,E79.2,E79.3,E79.4,E79.5,E79.6,E79.7,E79.8,E79.9,E80.0,E80.1,E80.2,E80.3,E80.4,E80.5,E80.6,E80.7,E80.8,E80.9,E81.0,E81.1,E81.2,E81.3,E81.4,E81.5,E81.6,E81.7,E81.8,E81.9,E82.0,E82.1,E82.2,E82.3,E82.4,E82.5,E82.6,E82.7,E82.8,E82.9,E83.0,E83.1,E83.2,E83.3,E83.4,E83.5,E83.6,E83.7,E83.8,E83.9,E84.0,E84.1,E84.2,E84.3,E84.4,E84.5,E84.6,E84.7,E84.8,E84.9,E85.0,E85.1,E85.2,E88.0,E88.1,E88.2,E88.3,E88.4,E88.5,E88.6,E88.7,E88.8,E88.9,E89.0,E89.1,E89.2,E89.3,E89.4,E89.5,E89.6,E89.7,E89.8,E89.9,G21.1,G24.0,G25.1,G25.4,G25.6,G25.7,G72.0,G93.7,G97.0,G97.1,G97.2,G97.3,G97.4,G97.5,G97.6,G97.7,G97.8,G97.9,I95.2,I95.3,I97.0,I97.1,I97.2,I97.3,I97.4,I97.5,I97.6,I97.7,I97.8,I97.9,I98.9,J70.2,J70.3,J70.4,J70.5,J95.0,J95.1,J95.2,J95.3,J95.4,J95.5,J95.6,J95.7,J95.8,J95.9,K43.0,K43.1,K43.2,K43.3,K43.4,K43.5,K43.6,K43.7,K43.8,K43.9,K62.7,K91.0,K91.1,K91.2,K91.3,K91.4,K91.5,K91.6,K91.7,K91.8,K91.9,K94.0,K94.1,K94.2,K94.3,K94.4,K94.5,K94.6,K94.7,K94.8,K94.9,K95.0,K95.1,K95.2,K95.3,K95.4,K95.5,K95.6,K95.7,K95.8,M87.1,N14.0,N14.1,N14.2,N14.3,N14.4,N65.0,N65.1,N99.0,N99.1,N99.2,N99.3,N99.4,N99.5,N99.6,N99.7,N99.8,N99.9,P96.2,P96.5,R50.2"
627,Rheumatoid arthritis,"M05-M06.9, M08.0-M08.8","M05.0,M05.1,M05.2,M05.3,M05.4,M05.5,M05.6,M05.7,M05.8,M05.9,M06.0,M06.1,M06.2,M06.3,M06.4,M06.5,M06.6,M06.7,M06.8,M06.9,M08.0,M08.1,M08.2,M08.3,M08.4,M08.5,M08.6,M08.7,M08.8"
628,Osteoarthritis,M15-M19,"M15.0,M15.1,M15.2,M15.3,M15.4,M15.5,M15.6,M15.7,M15.8,M15.9,M16.0,M16.1,M16.2,M16.3,M16.4,M16.5,M16.6,M16.7,M16.8,M16.9,M17.0,M17.1,M17.2,M17.3,M17.4,M17.5,M17.6,M17.7,M17.8,M17.9,M18.0,M18.1,M18.2,M18.3,M18.4,M18.5,M18.6,M18.7,M18.8,M18.9,M19.0,M19.1,M19.2,M19.3,M19.4,M19.5,M19.6,M19.7,M19.8,M19.9"
629,Low back and neck pain,M54,"M54.0,M54.1,M54.2,M54.3,M54.4,M54.5,M54.6,M54.7,M54.8,M54.9"
632,Gout,M10,"M10.0,M10.1,M10.2,M10.3,M10.4,M10.5,M10.6,M10.7,M10.8,M10.9"
639,Other musculoskeletal disorders,"I27.1, I67.7, L93-L93.2, M00-M03.0, M03.2-M03.6, M07-M08, M08.9-M09.0, M09.2-M09.8, M30-M32.9, M34-M36.8, M40-M43.1, M65-M65.0, M71.0-M71.1, M80-M82.8, M86.3-M86.4, M87-M87.0, M88-M89.0, M89.5, M89.7-M89.9","I27.1,I67.7,L93.0,L93.1,L93.2,M00.0,M00.1,M00.2,M00.3,M00.4,M00.5,M00.6,M00.7,M00.8,M00.9,M01.0,M01.1,M01.2,M01.3,M01.4,M01.5,M01.6,M01.7,M01.8,M01.9,M02.0,M02.1,M02.2,M02.3,M02.4,M02.5,M02.6,M02.7,M02.8,M02.9,M03.0,M03.2,M03.3,M03.4,M03.5,M03.6,M07.0,M07.1,M07.2,M07.3,M07.4,M07.5,M07.6,M07.7,M07.8,M07.9,M08.0,M08.1,M08.2,M08.3,M08.4,M08.5,M08.6,M08.7,M08.8,M08.9,M08.9,M09.0,M09.2,M09.3,M09.4,M09.5,M09.6,M09.7,M09.8,M30.0,M30.1,M30.2,M30.3,M30.4,M30.5,M30.6,M30.7,M30.8,M30.9,M31.0,M31.1,M31.2,M31.3,M31.4,M31.5,M31.6,M31.7,M31.8,M31.9,M32.0,M32.1,M32.2,M32.3,M32.4,M32.5,M32.6,M32.7,M32.8,M32.9,M34.0,M34.1,M34.2,M34.3,M34.4,M34.5,M34.6,M34.7,M34.8,M34.9,M35.0,M35.1,M35.2,M35.3,M35.4,M35.5,M35.6,M35.7,M35.8,M35.9,M36.0,M36.1,M36.2,M36.3,M36.4,M36.5,M36.6,M36.7,M36.8,M40.0,M40.1,M40.2,M40.3,M40.4,M40.5,M40.6,M40.7,M40.8,M40.9,M41.0,M41.1,M41.2,M41.3,M41.4,M41.5,M41.6,M41.7,M41.8,M41.9,M42.0,M42.1,M42.2,M42.3,M42.4,M42.5,M42.6,M42.7,M42.8,M42.9,M43.0,M43.1,M65.0,M71.0,M71.1,M80.0,M80.1,M80.2,M80.3,M80.4,M80.5,M80.6,M80.7,M80.8,M80.9,M81.0,M81.1,M81.2,M81.3,M81.4,M81.5,M81.6,M81.7,M81.8,M81.9,M82.0,M82.1,M82.2,M82.3,M82.4,M82.5,M82.6,M82.7,M82.8,M86.3,M86.4,M87.0,M88.0,M88.1,M88.2,M88.3,M88.4,M88.5,M88.6,M88.7,M88.8,M88.9,M89.0,M89.5,M89.7,M89.8,M89.9"
641,Congenital birth defects,"P96.0, Q00-Q07.9, Q10.4-Q18.9, Q20-Q28.9, Q30-Q36, Q37-Q45.9, Q50-Q60.6, Q63-Q86, Q86.1-Q87.8, Q89-Q89.8, Q90-Q93.9, Q95-Q99.8","P96.0,Q00.0,Q00.1,Q00.2,Q00.3,Q00.4,Q00.5,Q00.6,Q00.7,Q00.8,Q00.9,Q01.0,Q01.1,Q01.2,Q01.3,Q01.4,Q01.5,Q01.6,Q01.7,Q01.8,Q01.9,Q02.0,Q02.1,Q02.2,Q02.3,Q02.4,Q02.5,Q02.6,Q02.7,Q02.8,Q02.9,Q03.0,Q03.1,Q03.2,Q03.3,Q03.4,Q03.5,Q03.6,Q03.7,Q03.8,Q03.9,Q04.0,Q04.1,Q04.2,Q04.3,Q04.4,Q04.5,Q04.6,Q04.7,Q04.8,Q04.9,Q05.0,Q05.1,Q05.2,Q05.3,Q05.4,Q05.5,Q05.6,Q05.7,Q05.8,Q05.9,Q06.0,Q06.1,Q06.2,Q06.3,Q06.4,Q06.5,Q06.6,Q06.7,Q06.8,Q06.9,Q07.0,Q07.1,Q07.2,Q07.3,Q07.4,Q07.5,Q07.6,Q07.7,Q07.8,Q07.9,Q10.4,Q10.5,Q10.6,Q10.7,Q10.8,Q10.9,Q11.0,Q11.1,Q11.2,Q11.3,Q11.4,Q11.5,Q11.6,Q11.7,Q11.8,Q11.9,Q12.0,Q12.1,Q12.2,Q12.3,Q12.4,Q12.5,Q12.6,Q12.7,Q12.8,Q12.9,Q13.0,Q13.1,Q13.2,Q13.3,Q13.4,Q13.5,Q13.6,Q13.7,Q13.8,Q13.9,Q14.0,Q14.1,Q14.2,Q14.3,Q14.4,Q14.5,Q14.6,Q14.7,Q14.8,Q14.9,Q15.0,Q15.1,Q15.2,Q15.3,Q15.4,Q15.5,Q15.6,Q15.7,Q15.8,Q15.9,Q16.0,Q16.1,Q16.2,Q16.3,Q16.4,Q16.5,Q16.6,Q16.7,Q16.8,Q16.9,Q17.0,Q17.1,Q17.2,Q17.3,Q17.4,Q17.5,Q17.6,Q17.7,Q17.8,Q17.9,Q18.0,Q18.1,Q18.2,Q18.3,Q18.4,Q18.5,Q18.6,Q18.7,Q18.8,Q18.9,Q20.0,Q20.1,Q20.2,Q20.3,Q20.4,Q20.5,Q20.6,Q20.7,Q20.8,Q20.9,Q21.0,Q21.1,Q21.2,Q21.3,Q21.4,Q21.5,Q21.6,Q21.7,Q21.8,Q21.9,Q22.0,Q22.1,Q22.2,Q22.3,Q22.4,Q22.5,Q22.6,Q22.7,Q22.8,Q22.9,Q23.0,Q23.1,Q23.2,Q23.3,Q23.4,Q23.5,Q23.6,Q23.7,Q23.8,Q23.9,Q24.0,Q24.1,Q24.2,Q24.3,Q24.4,Q24.5,Q24.6,Q24.7,Q24.8,Q24.9,Q25.0,Q25.1,Q25.2,Q25.3,Q25.4,Q25.5,Q25.6,Q25.7,Q25.8,Q25.9,Q26.0,Q26.1,Q26.2,Q26.3,Q26.4,Q26.5,Q26.6,Q26.7,Q26.8,Q26.9,Q27.0,Q27.1,Q27.2,Q27.3,Q27.4,Q27.5,Q27.6,Q27.7,Q27.8,Q27.9,Q28.0,Q28.1,Q28.2,Q28.3,Q28.4,Q28.5,Q28.6,Q28.7,Q28.8,Q28.9,Q30.0,Q30.1,Q30.2,Q30.3,Q30.4,Q30.5,Q30.6,Q30.7,Q30.8,Q30.9,Q31.0,Q31.1,Q31.2,Q31.3,Q31.4,Q31.5,Q31.6,Q31.7,Q31.8,Q31.9,Q32.0,Q32.1,Q32.2,Q32.3,Q32.4,Q32.5,Q32.6,Q32.7,Q32.8,Q32.9,Q33.0,Q33.1,Q33.2,Q33.3,Q33.4,Q33.5,Q33.6,Q33.7,Q33.8,Q33.9,Q34.0,Q34.1,Q34.2,Q34.3,Q34.4,Q34.5,Q34.6,Q34.7,Q34.8,Q34.9,Q35.0,Q35.1,Q35.2,Q35.3,Q35.4,Q35.5,Q35.6,Q35.7,Q35.8,Q35.9,Q36.0,Q36.1,Q36.2,Q36.3,Q36.4,Q36.5,Q36.6,Q36.7,Q36.8,Q36.9,Q37.0,Q37.1,Q37.2,Q37.3,Q37.4,Q37.5,Q37.6,Q37.7,Q37.8,Q37.9,Q38.0,Q38.1,Q38.2,Q38.3,Q38.4,Q38.5,Q38.6,Q38.7,Q38.8,Q38.9,Q39.0,Q39.1,Q39.2,Q39.3,Q39.4,Q39.5,Q39.6,Q39.7,Q39.8,Q39.9,Q40.0,Q40.1,Q40.2,Q40.3,Q40.4,Q40.5,Q40.6,Q40.7,Q40.8,Q40.9,Q41.0,Q41.1,Q41.2,Q41.3,Q41.4,Q41.5,Q41.6,Q41.7,Q41.8,Q41.9,Q42.0,Q42.1,Q42.2,Q42.3,Q42.4,Q42.5,Q42.6,Q42.7,Q42.8,Q42.9,Q43.0,Q43.1,Q43.2,Q43.3,Q43.4,Q43.5,Q43.6,Q43.7,Q43.8,Q43.9,Q44.0,Q44.1,Q44.2,Q44.3,Q44.4,Q44.5,Q44.6,Q44.7,Q44.8,Q44.9,Q45.0,Q45.1,Q45.2,Q45.3,Q45.4,Q45.5,Q45.6,Q45.7,Q45.8,Q45.9,Q50.0,Q50.1,Q50.2,Q50.3,Q50.4,Q50.5,Q50.6,Q50.7,Q50.8,Q50.9,Q51.0,Q51.1,Q51.2,Q51.3,Q51.4,Q51.5,Q51.6,Q51.7,Q51.8,Q51.9,Q52.0,Q52.1,Q52.2,Q52.3,Q52.4,Q52.5,Q52.6,Q52.7,Q52.8,Q52.9,Q53.0,Q53.1,Q53.2,Q53.3,Q53.4,Q53.5,Q53.6,Q53.7,Q53.8,Q53.9,Q54.0,Q54.1,Q54.2,Q54.3,Q54.4,Q54.5,Q54.6,Q54.7,Q54.8,Q54.9,Q55.0,Q55.1,Q55.2,Q55.3,Q55.4,Q55.5,Q55.6,Q55.7,Q55.8,Q55.9,Q56.0,Q56.1,Q56.2,Q56.3,Q56.4,Q56.5,Q56.6,Q56.7,Q56.8,Q56.9,Q57.0,Q57.1,Q57.2,Q57.3,Q57.4,Q57.5,Q57.6,Q57.7,Q57.8,Q57.9,Q58.0,Q58.1,Q58.2,Q58.3,Q58.4,Q58.5,Q58.6,Q58.7,Q58.8,Q58.9,Q59.0,Q59.1,Q59.2,Q59.3,Q59.4,Q59.5,Q59.6,Q59.7,Q59.8,Q59.9,Q60.0,Q60.1,Q60.2,Q60.3,Q60.4,Q60.5,Q60.6,Q63.0,Q63.1,Q63.2,Q63.3,Q63.4,Q63.5,Q63.6,Q63.7,Q63.8,Q63.9,Q64.0,Q64.1,Q64.2,Q64.3,Q64.4,Q64.5,Q64.6,Q64.7,Q64.8,Q64.9,Q65.0,Q65.1,Q65.2,Q65.3,Q65.4,Q65.5,Q65.6,Q65.7,Q65.8,Q65.9,Q66.0,Q66.1,Q66.2,Q66.3,Q66.4,Q66.5,Q66.6,Q66.7,Q66.8,Q66.9,Q67.0,Q67.1,Q67.2,Q67.3,Q67.4,Q67.5,Q67.6,Q67.7,Q67.8,Q67.9,Q68.0,Q68.1,Q68.2,Q68.3,Q68.4,Q68.5,Q68.6,Q68.7,Q68.8,Q68.9,Q69.0,Q69.1,Q69.2,Q69.3,Q69.4,Q69.5,Q69.6,Q69.7,Q69.8,Q69.9,Q70.0,Q70.1,Q70.2,Q70.3,Q70.4,Q70.5,Q70.6,Q70.7,Q70.8,Q70.9,Q71.0,Q71.1,Q71.2,Q71.3,Q71.4,Q71.5,Q71.6,Q71.7,Q71.8,Q71.9,Q72.0,Q72.1,Q72.2,Q72.3,Q72.4,Q72.5,Q72.6,Q72.7,Q72.8,Q72.9,Q73.0,Q73.1,Q73.2,Q73.3,Q73.4,Q73.5,Q73.6,Q73.7,Q73.8,Q73.9,Q74.0,Q74.1,Q74.2,Q74.3,Q74.4,Q74.5,Q74.6,Q74.7,Q74.8,Q74.9,Q75.0,Q75.1,Q75.2,Q75.3,Q75.4,Q75.5,Q75.6,Q75.7,Q75.8,Q75.9,Q76.0,Q76.1,Q76.2,Q76.3,Q76.4,Q76.5,Q76.6,Q76.7,Q76.8,Q76.9,Q77.0,Q77.1,Q77.2,Q77.3,Q77.4,Q77.5,Q77.6,Q77.7,Q77.8,Q77.9,Q78.0,Q78.1,Q78.2,Q78.3,Q78.4,Q78.5,Q78.6,Q78.7,Q78.8,Q78.9,Q79.0,Q79.1,Q79.2,Q79.3,Q79.4,Q79.5,Q79.6,Q79.7,Q79.8,Q79.9,Q80.0,Q80.1,Q80.2,Q80.3,Q80.4,Q80.5,Q80.6,Q80.7,Q80.8,Q80.9,Q81.0,Q81.1,Q81.2,Q81.3,Q81.4,Q81.5,Q81.6,Q81.7,Q81.8,Q81.9,Q82.0,Q82.1,Q82.2,Q82.3,Q82.4,Q82.5,Q82.6,Q82.7,Q82.8,Q82.9,Q83.0,Q83.1,Q83.2,Q83.3,Q83.4,Q83.5,Q83.6,Q83.7,Q83.8,Q83.9,Q84.0,Q84.1,Q84.2,Q84.3,Q84.4,Q84.5,Q84.6,Q84.7,Q84.8,Q84.9,Q85.0,Q85.1,Q85.2,Q85.3,Q85.4,Q85.5,Q85.6,Q85.7,Q85.8,Q85.9,Q86.0,Q86.1,Q86.2,Q86.3,Q86.4,Q86.5,Q86.6,Q86.7,Q86.8,Q86.9,Q86.1,Q86.2,Q86.3,Q86.4,Q86.5,Q86.6,Q86.7,Q86.8,Q86.9,Q87.0,Q87.1,Q87.2,Q87.3,Q87.4,Q87.5,Q87.6,Q87.7,Q87.8,Q89.0,Q89.1,Q89.2,Q89.3,Q89.4,Q89.5,Q89.6,Q89.7,Q89.8,Q90.0,Q90.1,Q90.2,Q90.3,Q90.4,Q90.5,Q90.6,Q90.7,Q90.8,Q90.9,Q91.0,Q91.1,Q91.2,Q91.3,Q91.4,Q91.5,Q91.6,Q91.7,Q91.8,Q91.9,Q92.0,Q92.1,Q92.2,Q92.3,Q92.4,Q92.5,Q92.6,Q92.7,Q92.8,Q92.9,Q93.0,Q93.1,Q93.2,Q93.3,Q93.4,Q93.5,Q93.6,Q93.7,Q93.8,Q93.9,Q95.0,Q95.1,Q95.2,Q95.3,Q95.4,Q95.5,Q95.6,Q95.7,Q95.8,Q95.9,Q96.0,Q96.1,Q96.2,Q96.3,Q96.4,Q96.5,Q96.6,Q96.7,Q96.8,Q96.9,Q97.0,Q97.1,Q97.2,Q97.3,Q97.4,Q97.5,Q97.6,Q97.7,Q97.8,Q97.9,Q98.0,Q98.1,Q98.2,Q98.3,Q98.4,Q98.5,Q98.6,Q98.7,Q98.8,Q98.9,Q99.0,Q99.1,Q99.2,Q99.3,Q99.4,Q99.5,Q99.6,Q99.7,Q99.8"
653,Skin and subcutaneous diseases,"A46-A46.0, A66-A67.9, B86, D86.3, I89.1-I89.8, L00-L05.9, L08-L08.9, L10-L14.0, L51-L51.9, L88-L89.9, L97-L98.4, M72.5-M72.6","A46.0,A66.0,A66.1,A66.2,A66.3,A66.4,A66.5,A66.6,A66.7,A66.8,A66.9,A67.0,A67.1,A67.2,A67.3,A67.4,A67.5,A67.6,A67.7,A67.8,A67.9,B86.0,B86.1,B86.2,B86.3,B86.4,B86.5,B86.6,B86.7,B86.8,B86.9,D86.3,I89.1,I89.2,I89.3,I89.4,I89.5,I89.6,I89.7,I89.8,L00.0,L00.1,L00.2,L00.3,L00.4,L00.5,L00.6,L00.7,L00.8,L00.9,L01.0,L01.1,L01.2,L01.3,L01.4,L01.5,L01.6,L01.7,L01.8,L01.9,L02.0,L02.1,L02.2,L02.3,L02.4,L02.5,L02.6,L02.7,L02.8,L02.9,L03.0,L03.1,L03.2,L03.3,L03.4,L03.5,L03.6,L03.7,L03.8,L03.9,L04.0,L04.1,L04.2,L04.3,L04.4,L04.5,L04.6,L04.7,L04.8,L04.9,L05.0,L05.1,L05.2,L05.3,L05.4,L05.5,L05.6,L05.7,L05.8,L05.9,L08.0,L08.1,L08.2,L08.3,L08.4,L08.5,L08.6,L08.7,L08.8,L08.9,L10.0,L10.1,L10.2,L10.3,L10.4,L10.5,L10.6,L10.7,L10.8,L10.9,L11.0,L11.1,L11.2,L11.3,L11.4,L11.5,L11.6,L11.7,L11.8,L11.9,L12.0,L12.1,L12.2,L12.3,L12.4,L12.5,L12.6,L12.7,L12.8,L12.9,L13.0,L13.1,L13.2,L13.3,L13.4,L13.5,L13.6,L13.7,L13.8,L13.9,L14.0,L51.0,L51.1,L51.2,L51.3,L51.4,L51.5,L51.6,L51.7,L51.8,L51.9,L88.0,L88.1,L88.2,L88.3,L88.4,L88.5,L88.6,L88.7,L88.8,L88.9,L89.0,L89.1,L89.2,L89.3,L89.4,L89.5,L89.6,L89.7,L89.8,L89.9,L97.0,L97.1,L97.2,L97.3,L97.4,L97.5,L97.6,L97.7,L97.8,L97.9,L98.0,L98.1,L98.2,L98.3,L98.4,M72.5,M72.6"
669,Sense organ diseases,"H00-H59,H60-H85","H 0.0,H 0.1,H 0.2,H 0.3,H 0.4,H 0.5,H 0.6,H 0.7,H 0.8,H 0.9,H 1.0,H 1.1,H 1.2,H 1.3,H 1.4,H 1.5,H 1.6,H 1.7,H 1.8,H 1.9,H 2.0,H 2.1,H 2.2,H 2.3,H 2.4,H 2.5,H 2.6,H 2.7,H 2.8,H 2.9,H 3.0,H 3.1,H 3.2,H 3.3,H 3.4,H 3.5,H 3.6,H 3.7,H 3.8,H 3.9,H 4.0,H 4.1,H 4.2,H 4.3,H 4.4,H 4.5,H 4.6,H 4.7,H 4.8,H 4.9,H 5.0,H 5.1,H 5.2,H 5.3,H 5.4,H 5.5,H 5.6,H 5.7,H 5.8,H 5.9,H 6.0,H 6.1,H 6.2,H 6.3,H 6.4,H 6.5,H 6.6,H 6.7,H 6.8,H 6.9,H 7.0,H 7.1,H 7.2,H 7.3,H 7.4,H 7.5,H 7.6,H 7.7,H 7.8,H 7.9,H 8.0,H 8.1,H 8.2,H 8.3,H 8.4,H 8.5,H 8.6,H 8.7,H 8.8,H 8.9,H 9.0,H 9.1,H 9.2,H 9.3,H 9.4,H 9.5,H 9.6,H 9.7,H 9.8,H 9.9,H10.0,H10.1,H10.2,H10.3,H10.4,H10.5,H10.6,H10.7,H10.8,H10.9,H11.0,H11.1,H11.2,H11.3,H11.4,H11.5,H11.6,H11.7,H11.8,H11.9,H12.0,H12.1,H12.2,H12.3,H12.4,H12.5,H12.6,H12.7,H12.8,H12.9,H13.0,H13.1,H13.2,H13.3,H13.4,H13.5,H13.6,H13.7,H13.8,H13.9,H14.0,H14.1,H14.2,H14.3,H14.4,H14.5,H14.6,H14.7,H14.8,H14.9,H15.0,H15.1,H15.2,H15.3,H15.4,H15.5,H15.6,H15.7,H15.8,H15.9,H16.0,H16.1,H16.2,H16.3,H16.4,H16.5,H16.6,H16.7,H16.8,H16.9,H17.0,H17.1,H17.2,H17.3,H17.4,H17.5,H17.6,H17.7,H17.8,H17.9,H18.0,H18.1,H18.2,H18.3,H18.4,H18.5,H18.6,H18.7,H18.8,H18.9,H19.0,H19.1,H19.2,H19.3,H19.4,H19.5,H19.6,H19.7,H19.8,H19.9,H20.0,H20.1,H20.2,H20.3,H20.4,H20.5,H20.6,H20.7,H20.8,H20.9,H21.0,H21.1,H21.2,H21.3,H21.4,H21.5,H21.6,H21.7,H21.8,H21.9,H22.0,H22.1,H22.2,H22.3,H22.4,H22.5,H22.6,H22.7,H22.8,H22.9,H23.0,H23.1,H23.2,H23.3,H23.4,H23.5,H23.6,H23.7,H23.8,H23.9,H24.0,H24.1,H24.2,H24.3,H24.4,H24.5,H24.6,H24.7,H24.8,H24.9,H25.0,H25.1,H25.2,H25.3,H25.4,H25.5,H25.6,H25.7,H25.8,H25.9,H26.0,H26.1,H26.2,H26.3,H26.4,H26.5,H26.6,H26.7,H26.8,H26.9,H27.0,H27.1,H27.2,H27.3,H27.4,H27.5,H27.6,H27.7,H27.8,H27.9,H28.0,H28.1,H28.2,H28.3,H28.4,H28.5,H28.6,H28.7,H28.8,H28.9,H29.0,H29.1,H29.2,H29.3,H29.4,H29.5,H29.6,H29.7,H29.8,H29.9,H30.0,H30.1,H30.2,H30.3,H30.4,H30.5,H30.6,H30.7,H30.8,H30.9,H31.0,H31.1,H31.2,H31.3,H31.4,H31.5,H31.6,H31.7,H31.8,H31.9,H32.0,H32.1,H32.2,H32.3,H32.4,H32.5,H32.6,H32.7,H32.8,H32.9,H33.0,H33.1,H33.2,H33.3,H33.4,H33.5,H33.6,H33.7,H33.8,H33.9,H34.0,H34.1,H34.2,H34.3,H34.4,H34.5,H34.6,H34.7,H34.8,H34.9,H35.0,H35.1,H35.2,H35.3,H35.4,H35.5,H35.6,H35.7,H35.8,H35.9,H36.0,H36.1,H36.2,H36.3,H36.4,H36.5,H36.6,H36.7,H36.8,H36.9,H37.0,H37.1,H37.2,H37.3,H37.4,H37.5,H37.6,H37.7,H37.8,H37.9,H38.0,H38.1,H38.2,H38.3,H38.4,H38.5,H38.6,H38.7,H38.8,H38.9,H39.0,H39.1,H39.2,H39.3,H39.4,H39.5,H39.6,H39.7,H39.8,H39.9,H40.0,H40.1,H40.2,H40.3,H40.4,H40.5,H40.6,H40.7,H40.8,H40.9,H41.0,H41.1,H41.2,H41.3,H41.4,H41.5,H41.6,H41.7,H41.8,H41.9,H42.0,H42.1,H42.2,H42.3,H42.4,H42.5,H42.6,H42.7,H42.8,H42.9,H43.0,H43.1,H43.2,H43.3,H43.4,H43.5,H43.6,H43.7,H43.8,H43.9,H44.0,H44.1,H44.2,H44.3,H44.4,H44.5,H44.6,H44.7,H44.8,H44.9,H45.0,H45.1,H45.2,H45.3,H45.4,H45.5,H45.6,H45.7,H45.8,H45.9,H46.0,H46.1,H46.2,H46.3,H46.4,H46.5,H46.6,H46.7,H46.8,H46.9,H47.0,H47.1,H47.2,H47.3,H47.4,H47.5,H47.6,H47.7,H47.8,H47.9,H48.0,H48.1,H48.2,H48.3,H48.4,H48.5,H48.6,H48.7,H48.8,H48.9,H49.0,H49.1,H49.2,H49.3,H49.4,H49.5,H49.6,H49.7,H49.8,H49.9,H50.0,H50.1,H50.2,H50.3,H50.4,H50.5,H50.6,H50.7,H50.8,H50.9,H51.0,H51.1,H51.2,H51.3,H51.4,H51.5,H51.6,H51.7,H51.8,H51.9,H52.0,H52.1,H52.2,H52.3,H52.4,H52.5,H52.6,H52.7,H52.8,H52.9,H53.0,H53.1,H53.2,H53.3,H53.4,H53.5,H53.6,H53.7,H53.8,H53.9,H54.0,H54.1,H54.2,H54.3,H54.4,H54.5,H54.6,H54.7,H54.8,H54.9,H55.0,H55.1,H55.2,H55.3,H55.4,H55.5,H55.6,H55.7,H55.8,H55.9,H56.0,H56.1,H56.2,H56.3,H56.4,H56.5,H56.6,H56.7,H56.8,H56.9,H57.0,H57.1,H57.2,H57.3,H57.4,H57.5,H57.6,H57.7,H57.8,H57.9,H58.0,H58.1,H58.2,H58.3,H58.4,H58.5,H58.6,H58.7,H58.8,H58.9,H59.0,H59.1,H59.2,H59.3,H59.4,H59.5,H59.6,H59.7,H59.8,H59.9,H60.0,H60.1,H60.2,H60.3,H60.4,H60.5,H60.6,H60.7,H60.8,H60.9,H61.0,H61.1,H61.2,H61.3,H61.4,H61.5,H61.6,H61.7,H61.8,H61.9,H62.0,H62.1,H62.2,H62.3,H62.4,H62.5,H62.6,H62.7,H62.8,H62.9,H63.0,H63.1,H63.2,H63.3,H63.4,H63.5,H63.6,H63.7,H63.8,H63.9,H64.0,H64.1,H64.2,H64.3,H64.4,H64.5,H64.6,H64.7,H64.8,H64.9,H65.0,H65.1,H65.2,H65.3,H65.4,H65.5,H65.6,H65.7,H65.8,H65.9,H66.0,H66.1,H66.2,H66.3,H66.4,H66.5,H66.6,H66.7,H66.8,H66.9,H67.0,H67.1,H67.2,H67.3,H67.4,H67.5,H67.6,H67.7,H67.8,H67.9,H68.0,H68.1,H68.2,H68.3,H68.4,H68.5,H68.6,H68.7,H68.8,H68.9,H69.0,H69.1,H69.2,H69.3,H69.4,H69.5,H69.6,H69.7,H69.8,H69.9,H70.0,H70.1,H70.2,H70.3,H70.4,H70.5,H70.6,H70.7,H70.8,H70.9,H71.0,H71.1,H71.2,H71.3,H71.4,H71.5,H71.6,H71.7,H71.8,H71.9,H72.0,H72.1,H72.2,H72.3,H72.4,H72.5,H72.6,H72.7,H72.8,H72.9,H73.0,H73.1,H73.2,H73.3,H73.4,H73.5,H73.6,H73.7,H73.8,H73.9,H74.0,H74.1,H74.2,H74.3,H74.4,H74.5,H74.6,H74.7,H74.8,H74.9,H75.0,H75.1,H75.2,H75.3,H75.4,H75.5,H75.6,H75.7,H75.8,H75.9,H76.0,H76.1,H76.2,H76.3,H76.4,H76.5,H76.6,H76.7,H76.8,H76.9,H77.0,H77.1,H77.2,H77.3,H77.4,H77.5,H77.6,H77.7,H77.8,H77.9,H78.0,H78.1,H78.2,H78.3,H78.4,H78.5,H78.6,H78.7,H78.8,H78.9,H79.0,H79.1,H79.2,H79.3,H79.4,H79.5,H79.6,H79.7,H79.8,H79.9,H80.0,H80.1,H80.2,H80.3,H80.4,H80.5,H80.6,H80.7,H80.8,H80.9,H81.0,H81.1,H81.2,H81.3,H81.4,H81.5,H81.6,H81.7,H81.8,H81.9,H82.0,H82.1,H82.2,H82.3,H82.4,H82.5,H82.6,H82.7,H82.8,H82.9,H83.0,H83.1,H83.2,H83.3,H83.4,H83.5,H83.6,H83.7,H83.8,H83.9,H84.0,H84.1,H84.2,H84.3,H84.4,H84.5,H84.6,H84.7,H84.8,H84.9,H85.0,H85.1,H85.2,H85.3,H85.4,H85.5,H85.6,H85.7,H85.8,H85.9"
680,Oral disorders,K00-K14,"K 0.0,K 0.1,K 0.2,K 0.3,K 0.4,K 0.5,K 0.6,K 0.7,K 0.8,K 0.9,K 1.0,K 1.1,K 1.2,K 1.3,K 1.4,K 1.5,K 1.6,K 1.7,K 1.8,K 1.9,K 2.0,K 2.1,K 2.2,K 2.3,K 2.4,K 2.5,K 2.6,K 2.7,K 2.8,K 2.9,K 3.0,K 3.1,K 3.2,K 3.3,K 3.4,K 3.5,K 3.6,K 3.7,K 3.8,K 3.9,K 4.0,K 4.1,K 4.2,K 4.3,K 4.4,K 4.5,K 4.6,K 4.7,K 4.8,K 4.9,K 5.0,K 5.1,K 5.2,K 5.3,K 5.4,K 5.5,K 5.6,K 5.7,K 5.8,K 5.9,K 6.0,K 6.1,K 6.2,K 6.3,K 6.4,K 6.5,K 6.6,K 6.7,K 6.8,K 6.9,K 7.0,K 7.1,K 7.2,K 7.3,K 7.4,K 7.5,K 7.6,K 7.7,K 7.8,K 7.9,K 8.0,K 8.1,K 8.2,K 8.3,K 8.4,K 8.5,K 8.6,K 8.7,K 8.8,K 8.9,K 9.0,K 9.1,K 9.2,K 9.3,K 9.4,K 9.5,K 9.6,K 9.7,K 9.8,K 9.9,K10.0,K10.1,K10.2,K10.3,K10.4,K10.5,K10.6,K10.7,K10.8,K10.9,K11.0,K11.1,K11.2,K11.3,K11.4,K11.5,K11.6,K11.7,K11.8,K11.9,K12.0,K12.1,K12.2,K12.3,K12.4,K12.5,K12.6,K12.7,K12.8,K12.9,K13.0,K13.1,K13.2,K13.3,K13.4,K13.5,K13.6,K13.7,K13.8,K13.9,K14.0,K14.1,K14.2,K14.3,K14.4,K14.5,K14.6,K14.7,K14.8,K14.9"
686,Sudden infant death syndrome,R95-R95.9,"R95.0,R95.1,R95.2,R95.3,R95.4,R95.5,R95.6,R95.7,R95.8,R95.9"
689,Road injuries,"V01-V04.9, V06-V80.9, V82-V82.9, V87.2-V87.3","V01.0,V01.1,V01.2,V01.3,V01.4,V01.5,V01.6,V01.7,V01.8,V01.9,V02.0,V02.1,V02.2,V02.3,V02.4,V02.5,V02.6,V02.7,V02.8,V02.9,V03.0,V03.1,V03.2,V03.3,V03.4,V03.5,V03.6,V03.7,V03.8,V03.9,V04.0,V04.1,V04.2,V04.3,V04.4,V04.5,V04.6,V04.7,V04.8,V04.9,V 6.0,V 6.1,V 6.2,V 6.3,V 6.4,V 6.5,V 6.6,V 6.7,V 6.8,V 6.9,V 7.0,V 7.1,V 7.2,V 7.3,V 7.4,V 7.5,V 7.6,V 7.7,V 7.8,V 7.9,V 8.0,V 8.1,V 8.2,V 8.3,V 8.4,V 8.5,V 8.6,V 8.7,V 8.8,V 8.9,V 9.0,V 9.1,V 9.2,V 9.3,V 9.4,V 9.5,V 9.6,V 9.7,V 9.8,V 9.9,V10.0,V10.1,V10.2,V10.3,V10.4,V10.5,V10.6,V10.7,V10.8,V10.9,V11.0,V11.1,V11.2,V11.3,V11.4,V11.5,V11.6,V11.7,V11.8,V11.9,V12.0,V12.1,V12.2,V12.3,V12.4,V12.5,V12.6,V12.7,V12.8,V12.9,V13.0,V13.1,V13.2,V13.3,V13.4,V13.5,V13.6,V13.7,V13.8,V13.9,V14.0,V14.1,V14.2,V14.3,V14.4,V14.5,V14.6,V14.7,V14.8,V14.9,V15.0,V15.1,V15.2,V15.3,V15.4,V15.5,V15.6,V15.7,V15.8,V15.9,V16.0,V16.1,V16.2,V16.3,V16.4,V16.5,V16.6,V16.7,V16.8,V16.9,V17.0,V17.1,V17.2,V17.3,V17.4,V17.5,V17.6,V17.7,V17.8,V17.9,V18.0,V18.1,V18.2,V18.3,V18.4,V18.5,V18.6,V18.7,V18.8,V18.9,V19.0,V19.1,V19.2,V19.3,V19.4,V19.5,V19.6,V19.7,V19.8,V19.9,V20.0,V20.1,V20.2,V20.3,V20.4,V20.5,V20.6,V20.7,V20.8,V20.9,V21.0,V21.1,V21.2,V21.3,V21.4,V21.5,V21.6,V21.7,V21.8,V21.9,V22.0,V22.1,V22.2,V22.3,V22.4,V22.5,V22.6,V22.7,V22.8,V22.9,V23.0,V23.1,V23.2,V23.3,V23.4,V23.5,V23.6,V23.7,V23.8,V23.9,V24.0,V24.1,V24.2,V24.3,V24.4,V24.5,V24.6,V24.7,V24.8,V24.9,V25.0,V25.1,V25.2,V25.3,V25.4,V25.5,V25.6,V25.7,V25.8,V25.9,V26.0,V26.1,V26.2,V26.3,V26.4,V26.5,V26.6,V26.7,V26.8,V26.9,V27.0,V27.1,V27.2,V27.3,V27.4,V27.5,V27.6,V27.7,V27.8,V27.9,V28.0,V28.1,V28.2,V28.3,V28.4,V28.5,V28.6,V28.7,V28.8,V28.9,V29.0,V29.1,V29.2,V29.3,V29.4,V29.5,V29.6,V29.7,V29.8,V29.9,V30.0,V30.1,V30.2,V30.3,V30.4,V30.5,V30.6,V30.7,V30.8,V30.9,V31.0,V31.1,V31.2,V31.3,V31.4,V31.5,V31.6,V31.7,V31.8,V31.9,V32.0,V32.1,V32.2,V32.3,V32.4,V32.5,V32.6,V32.7,V32.8,V32.9,V33.0,V33.1,V33.2,V33.3,V33.4,V33.5,V33.6,V33.7,V33.8,V33.9,V34.0,V34.1,V34.2,V34.3,V34.4,V34.5,V34.6,V34.7,V34.8,V34.9,V35.0,V35.1,V35.2,V35.3,V35.4,V35.5,V35.6,V35.7,V35.8,V35.9,V36.0,V36.1,V36.2,V36.3,V36.4,V36.5,V36.6,V36.7,V36.8,V36.9,V37.0,V37.1,V37.2,V37.3,V37.4,V37.5,V37.6,V37.7,V37.8,V37.9,V38.0,V38.1,V38.2,V38.3,V38.4,V38.5,V38.6,V38.7,V38.8,V38.9,V39.0,V39.1,V39.2,V39.3,V39.4,V39.5,V39.6,V39.7,V39.8,V39.9,V40.0,V40.1,V40.2,V40.3,V40.4,V40.5,V40.6,V40.7,V40.8,V40.9,V41.0,V41.1,V41.2,V41.3,V41.4,V41.5,V41.6,V41.7,V41.8,V41.9,V42.0,V42.1,V42.2,V42.3,V42.4,V42.5,V42.6,V42.7,V42.8,V42.9,V43.0,V43.1,V43.2,V43.3,V43.4,V43.5,V43.6,V43.7,V43.8,V43.9,V44.0,V44.1,V44.2,V44.3,V44.4,V44.5,V44.6,V44.7,V44.8,V44.9,V45.0,V45.1,V45.2,V45.3,V45.4,V45.5,V45.6,V45.7,V45.8,V45.9,V46.0,V46.1,V46.2,V46.3,V46.4,V46.5,V46.6,V46.7,V46.8,V46.9,V47.0,V47.1,V47.2,V47.3,V47.4,V47.5,V47.6,V47.7,V47.8,V47.9,V48.0,V48.1,V48.2,V48.3,V48.4,V48.5,V48.6,V48.7,V48.8,V48.9,V49.0,V49.1,V49.2,V49.3,V49.4,V49.5,V49.6,V49.7,V49.8,V49.9,V50.0,V50.1,V50.2,V50.3,V50.4,V50.5,V50.6,V50.7,V50.8,V50.9,V51.0,V51.1,V51.2,V51.3,V51.4,V51.5,V51.6,V51.7,V51.8,V51.9,V52.0,V52.1,V52.2,V52.3,V52.4,V52.5,V52.6,V52.7,V52.8,V52.9,V53.0,V53.1,V53.2,V53.3,V53.4,V53.5,V53.6,V53.7,V53.8,V53.9,V54.0,V54.1,V54.2,V54.3,V54.4,V54.5,V54.6,V54.7,V54.8,V54.9,V55.0,V55.1,V55.2,V55.3,V55.4,V55.5,V55.6,V55.7,V55.8,V55.9,V56.0,V56.1,V56.2,V56.3,V56.4,V56.5,V56.6,V56.7,V56.8,V56.9,V57.0,V57.1,V57.2,V57.3,V57.4,V57.5,V57.6,V57.7,V57.8,V57.9,V58.0,V58.1,V58.2,V58.3,V58.4,V58.5,V58.6,V58.7,V58.8,V58.9,V59.0,V59.1,V59.2,V59.3,V59.4,V59.5,V59.6,V59.7,V59.8,V59.9,V60.0,V60.1,V60.2,V60.3,V60.4,V60.5,V60.6,V60.7,V60.8,V60.9,V61.0,V61.1,V61.2,V61.3,V61.4,V61.5,V61.6,V61.7,V61.8,V61.9,V62.0,V62.1,V62.2,V62.3,V62.4,V62.5,V62.6,V62.7,V62.8,V62.9,V63.0,V63.1,V63.2,V63.3,V63.4,V63.5,V63.6,V63.7,V63.8,V63.9,V64.0,V64.1,V64.2,V64.3,V64.4,V64.5,V64.6,V64.7,V64.8,V64.9,V65.0,V65.1,V65.2,V65.3,V65.4,V65.5,V65.6,V65.7,V65.8,V65.9,V66.0,V66.1,V66.2,V66.3,V66.4,V66.5,V66.6,V66.7,V66.8,V66.9,V67.0,V67.1,V67.2,V67.3,V67.4,V67.5,V67.6,V67.7,V67.8,V67.9,V68.0,V68.1,V68.2,V68.3,V68.4,V68.5,V68.6,V68.7,V68.8,V68.9,V69.0,V69.1,V69.2,V69.3,V69.4,V69.5,V69.6,V69.7,V69.8,V69.9,V70.0,V70.1,V70.2,V70.3,V70.4,V70.5,V70.6,V70.7,V70.8,V70.9,V71.0,V71.1,V71.2,V71.3,V71.4,V71.5,V71.6,V71.7,V71.8,V71.9,V72.0,V72.1,V72.2,V72.3,V72.4,V72.5,V72.6,V72.7,V72.8,V72.9,V73.0,V73.1,V73.2,V73.3,V73.4,V73.5,V73.6,V73.7,V73.8,V73.9,V74.0,V74.1,V74.2,V74.3,V74.4,V74.5,V74.6,V74.7,V74.8,V74.9,V75.0,V75.1,V75.2,V75.3,V75.4,V75.5,V75.6,V75.7,V75.8,V75.9,V76.0,V76.1,V76.2,V76.3,V76.4,V76.5,V76.6,V76.7,V76.8,V76.9,V77.0,V77.1,V77.2,V77.3,V77.4,V77.5,V77.6,V77.7,V77.8,V77.9,V78.0,V78.1,V78.2,V78.3,V78.4,V78.5,V78.6,V78.7,V78.8,V78.9,V79.0,V79.1,V79.2,V79.3,V79.4,V79.5,V79.6,V79.7,V79.8,V79.9,V80.0,V80.1,V80.2,V80.3,V80.4,V80.5,V80.6,V80.7,V80.8,V80.9,V82.0,V82.1,V82.2,V82.3,V82.4,V82.5,V82.6,V82.7,V82.8,V82.9,V87.2,V87.3"
695,Other transport injuries,"V00-V00.8, V05-V05.9, V81-V81.9, V83-V86.9, V88.2-V88.3, V90-V98.8","V00.0,V00.1,V00.2,V00.3,V00.4,V00.5,V00.6,V00.7,V00.8,V05.0,V05.1,V05.2,V05.3,V05.4,V05.5,V05.6,V05.7,V05.8,V05.9,V81.0,V81.1,V81.2,V81.3,V81.4,V81.5,V81.6,V81.7,V81.8,V81.9,V83.0,V83.1,V83.2,V83.3,V83.4,V83.5,V83.6,V83.7,V83.8,V83.9,V84.0,V84.1,V84.2,V84.3,V84.4,V84.5,V84.6,V84.7,V84.8,V84.9,V85.0,V85.1,V85.2,V85.3,V85.4,V85.5,V85.6,V85.7,V85.8,V85.9,V86.0,V86.1,V86.2,V86.3,V86.4,V86.5,V86.6,V86.7,V86.8,V86.9,V88.2,V88.3,V90.0,V90.1,V90.2,V90.3,V90.4,V90.5,V90.6,V90.7,V90.8,V90.9,V91.0,V91.1,V91.2,V91.3,V91.4,V91.5,V91.6,V91.7,V91.8,V91.9,V92.0,V92.1,V92.2,V92.3,V92.4,V92.5,V92.6,V92.7,V92.8,V92.9,V93.0,V93.1,V93.2,V93.3,V93.4,V93.5,V93.6,V93.7,V93.8,V93.9,V94.0,V94.1,V94.2,V94.3,V94.4,V94.5,V94.6,V94.7,V94.8,V94.9,V95.0,V95.1,V95.2,V95.3,V95.4,V95.5,V95.6,V95.7,V95.8,V95.9,V96.0,V96.1,V96.2,V96.3,V96.4,V96.5,V96.6,V96.7,V96.8,V96.9,V97.0,V97.1,V97.2,V97.3,V97.4,V97.5,V97.6,V97.7,V97.8,V97.9,V98.0,V98.1,V98.2,V98.3,V98.4,V98.5,V98.6,V98.7,V98.8"
697,Falls,W00-W19.9,"W 0.0,W 0.1,W 0.2,W 0.3,W 0.4,W 0.5,W 0.6,W 0.7,W 0.8,W 0.9,W 1.0,W 1.1,W 1.2,W 1.3,W 1.4,W 1.5,W 1.6,W 1.7,W 1.8,W 1.9,W 2.0,W 2.1,W 2.2,W 2.3,W 2.4,W 2.5,W 2.6,W 2.7,W 2.8,W 2.9,W 3.0,W 3.1,W 3.2,W 3.3,W 3.4,W 3.5,W 3.6,W 3.7,W 3.8,W 3.9,W 4.0,W 4.1,W 4.2,W 4.3,W 4.4,W 4.5,W 4.6,W 4.7,W 4.8,W 4.9,W 5.0,W 5.1,W 5.2,W 5.3,W 5.4,W 5.5,W 5.6,W 5.7,W 5.8,W 5.9,W 6.0,W 6.1,W 6.2,W 6.3,W 6.4,W 6.5,W 6.6,W 6.7,W 6.8,W 6.9,W 7.0,W 7.1,W 7.2,W 7.3,W 7.4,W 7.5,W 7.6,W 7.7,W 7.8,W 7.9,W 8.0,W 8.1,W 8.2,W 8.3,W 8.4,W 8.5,W 8.6,W 8.7,W 8.8,W 8.9,W 9.0,W 9.1,W 9.2,W 9.3,W 9.4,W 9.5,W 9.6,W 9.7,W 9.8,W 9.9,W10.0,W10.1,W10.2,W10.3,W10.4,W10.5,W10.6,W10.7,W10.8,W10.9,W11.0,W11.1,W11.2,W11.3,W11.4,W11.5,W11.6,W11.7,W11.8,W11.9,W12.0,W12.1,W12.2,W12.3,W12.4,W12.5,W12.6,W12.7,W12.8,W12.9,W13.0,W13.1,W13.2,W13.3,W13.4,W13.5,W13.6,W13.7,W13.8,W13.9,W14.0,W14.1,W14.2,W14.3,W14.4,W14.5,W14.6,W14.7,W14.8,W14.9,W15.0,W15.1,W15.2,W15.3,W15.4,W15.5,W15.6,W15.7,W15.8,W15.9,W16.0,W16.1,W16.2,W16.3,W16.4,W16.5,W16.6,W16.7,W16.8,W16.9,W17.0,W17.1,W17.2,W17.3,W17.4,W17.5,W17.6,W17.7,W17.8,W17.9,W18.0,W18.1,W18.2,W18.3,W18.4,W18.5,W18.6,W18.7,W18.8,W18.9,W19.0,W19.1,W19.2,W19.3,W19.4,W19.5,W19.6,W19.7,W19.8,W19.9"
698,Drowning,"W65-W70.9, W73-W74.9","W65.0,W65.1,W65.2,W65.3,W65.4,W65.5,W65.6,W65.7,W65.8,W65.9,W66.0,W66.1,W66.2,W66.3,W66.4,W66.5,W66.6,W66.7,W66.8,W66.9,W67.0,W67.1,W67.2,W67.3,W67.4,W67.5,W67.6,W67.7,W67.8,W67.9,W68.0,W68.1,W68.2,W68.3,W68.4,W68.5,W68.6,W68.7,W68.8,W68.9,W69.0,W69.1,W69.2,W69.3,W69.4,W69.5,W69.6,W69.7,W69.8,W69.9,W70.0,W70.1,W70.2,W70.3,W70.4,W70.5,W70.6,W70.7,W70.8,W70.9,W73.0,W73.1,W73.2,W73.3,W73.4,W73.5,W73.6,W73.7,W73.8,W73.9,W74.0,W74.1,W74.2,W74.3,W74.4,W74.5,W74.6,W74.7,W74.8,W74.9"
699,"Fire, heat, and hot substances","X00-X06.9, X08-X19.9","X00.0,X00.1,X00.2,X00.3,X00.4,X00.5,X00.6,X00.7,X00.8,X00.9,X01.0,X01.1,X01.2,X01.3,X01.4,X01.5,X01.6,X01.7,X01.8,X01.9,X02.0,X02.1,X02.2,X02.3,X02.4,X02.5,X02.6,X02.7,X02.8,X02.9,X03.0,X03.1,X03.2,X03.3,X03.4,X03.5,X03.6,X03.7,X03.8,X03.9,X04.0,X04.1,X04.2,X04.3,X04.4,X04.5,X04.6,X04.7,X04.8,X04.9,X05.0,X05.1,X05.2,X05.3,X05.4,X05.5,X05.6,X05.7,X05.8,X05.9,X06.0,X06.1,X06.2,X06.3,X06.4,X06.5,X06.6,X06.7,X06.8,X06.9,X 8.0,X 8.1,X 8.2,X 8.3,X 8.4,X 8.5,X 8.6,X 8.7,X 8.8,X 8.9,X 9.0,X 9.1,X 9.2,X 9.3,X 9.4,X 9.5,X 9.6,X 9.7,X 9.8,X 9.9,X10.0,X10.1,X10.2,X10.3,X10.4,X10.5,X10.6,X10.7,X10.8,X10.9,X11.0,X11.1,X11.2,X11.3,X11.4,X11.5,X11.6,X11.7,X11.8,X11.9,X12.0,X12.1,X12.2,X12.3,X12.4,X12.5,X12.6,X12.7,X12.8,X12.9,X13.0,X13.1,X13.2,X13.3,X13.4,X13.5,X13.6,X13.7,X13.8,X13.9,X14.0,X14.1,X14.2,X14.3,X14.4,X14.5,X14.6,X14.7,X14.8,X14.9,X15.0,X15.1,X15.2,X15.3,X15.4,X15.5,X15.6,X15.7,X15.8,X15.9,X16.0,X16.1,X16.2,X16.3,X16.4,X16.5,X16.6,X16.7,X16.8,X16.9,X17.0,X17.1,X17.2,X17.3,X17.4,X17.5,X17.6,X17.7,X17.8,X17.9,X18.0,X18.1,X18.2,X18.3,X18.4,X18.5,X18.6,X18.7,X18.8,X18.9,X19.0,X19.1,X19.2,X19.3,X19.4,X19.5,X19.6,X19.7,X19.8,X19.9"
700,Poisonings,"X46-X47, X47.1-X47.8, X48-X48.9","X46.0,X46.1,X46.2,X46.3,X46.4,X46.5,X46.6,X46.7,X46.8,X46.9,X47.0,X47.1,X47.2,X47.3,X47.4,X47.5,X47.6,X47.7,X47.8,X47.9,X47.1,X47.2,X47.3,X47.4,X47.5,X47.6,X47.7,X47.8,X48.0,X48.1,X48.2,X48.3,X48.4,X48.5,X48.6,X48.7,X48.8,X48.9"
704,Exposure to mechanical forces,"W20-W38.9, W40-W43.9, W45.0-W45.2, W46-W46.2, W49-W52, W75-W75.9","W20.0,W20.1,W20.2,W20.3,W20.4,W20.5,W20.6,W20.7,W20.8,W20.9,W21.0,W21.1,W21.2,W21.3,W21.4,W21.5,W21.6,W21.7,W21.8,W21.9,W22.0,W22.1,W22.2,W22.3,W22.4,W22.5,W22.6,W22.7,W22.8,W22.9,W23.0,W23.1,W23.2,W23.3,W23.4,W23.5,W23.6,W23.7,W23.8,W23.9,W24.0,W24.1,W24.2,W24.3,W24.4,W24.5,W24.6,W24.7,W24.8,W24.9,W25.0,W25.1,W25.2,W25.3,W25.4,W25.5,W25.6,W25.7,W25.8,W25.9,W26.0,W26.1,W26.2,W26.3,W26.4,W26.5,W26.6,W26.7,W26.8,W26.9,W27.0,W27.1,W27.2,W27.3,W27.4,W27.5,W27.6,W27.7,W27.8,W27.9,W28.0,W28.1,W28.2,W28.3,W28.4,W28.5,W28.6,W28.7,W28.8,W28.9,W29.0,W29.1,W29.2,W29.3,W29.4,W29.5,W29.6,W29.7,W29.8,W29.9,W30.0,W30.1,W30.2,W30.3,W30.4,W30.5,W30.6,W30.7,W30.8,W30.9,W31.0,W31.1,W31.2,W31.3,W31.4,W31.5,W31.6,W31.7,W31.8,W31.9,W32.0,W32.1,W32.2,W32.3,W32.4,W32.5,W32.6,W32.7,W32.8,W32.9,W33.0,W33.1,W33.2,W33.3,W33.4,W33.5,W33.6,W33.7,W33.8,W33.9,W34.0,W34.1,W34.2,W34.3,W34.4,W34.5,W34.6,W34.7,W34.8,W34.9,W35.0,W35.1,W35.2,W35.3,W35.4,W35.5,W35.6,W35.7,W35.8,W35.9,W36.0,W36.1,W36.2,W36.3,W36.4,W36.5,W36.6,W36.7,W36.8,W36.9,W37.0,W37.1,W37.2,W37.3,W37.4,W37.5,W37.6,W37.7,W37.8,W37.9,W38.0,W38.1,W38.2,W38.3,W38.4,W38.5,W38.6,W38.7,W38.8,W38.9,W40.0,W40.1,W40.2,W40.3,W40.4,W40.5,W40.6,W40.7,W40.8,W40.9,W41.0,W41.1,W41.2,W41.3,W41.4,W41.5,W41.6,W41.7,W41.8,W41.9,W42.0,W42.1,W42.2,W42.3,W42.4,W42.5,W42.6,W42.7,W42.8,W42.9,W43.0,W43.1,W43.2,W43.3,W43.4,W43.5,W43.6,W43.7,W43.8,W43.9,W45.0,W45.1,W45.2,W46.0,W46.1,W46.2,W49.0,W49.1,W49.2,W49.3,W49.4,W49.5,W49.6,W49.7,W49.8,W49.9,W50.0,W50.1,W50.2,W50.3,W50.4,W50.5,W50.6,W50.7,W50.8,W50.9,W51.0,W51.1,W51.2,W51.3,W51.4,W51.5,W51.6,W51.7,W51.8,W51.9,W52.0,W52.1,W52.2,W52.3,W52.4,W52.5,W52.6,W52.7,W52.8,W52.9,W75.0,W75.1,W75.2,W75.3,W75.4,W75.5,W75.6,W75.7,W75.8,W75.9"
708,Adverse effects of medical treatment,"Y40-Y84.9, Y88-Y88.3","Y40.0,Y40.1,Y40.2,Y40.3,Y40.4,Y40.5,Y40.6,Y40.7,Y40.8,Y40.9,Y41.0,Y41.1,Y41.2,Y41.3,Y41.4,Y41.5,Y41.6,Y41.7,Y41.8,Y41.9,Y42.0,Y42.1,Y42.2,Y42.3,Y42.4,Y42.5,Y42.6,Y42.7,Y42.8,Y42.9,Y43.0,Y43.1,Y43.2,Y43.3,Y43.4,Y43.5,Y43.6,Y43.7,Y43.8,Y43.9,Y44.0,Y44.1,Y44.2,Y44.3,Y44.4,Y44.5,Y44.6,Y44.7,Y44.8,Y44.9,Y45.0,Y45.1,Y45.2,Y45.3,Y45.4,Y45.5,Y45.6,Y45.7,Y45.8,Y45.9,Y46.0,Y46.1,Y46.2,Y46.3,Y46.4,Y46.5,Y46.6,Y46.7,Y46.8,Y46.9,Y47.0,Y47.1,Y47.2,Y47.3,Y47.4,Y47.5,Y47.6,Y47.7,Y47.8,Y47.9,Y48.0,Y48.1,Y48.2,Y48.3,Y48.4,Y48.5,Y48.6,Y48.7,Y48.8,Y48.9,Y49.0,Y49.1,Y49.2,Y49.3,Y49.4,Y49.5,Y49.6,Y49.7,Y49.8,Y49.9,Y50.0,Y50.1,Y50.2,Y50.3,Y50.4,Y50.5,Y50.6,Y50.7,Y50.8,Y50.9,Y51.0,Y51.1,Y51.2,Y51.3,Y51.4,Y51.5,Y51.6,Y51.7,Y51.8,Y51.9,Y52.0,Y52.1,Y52.2,Y52.3,Y52.4,Y52.5,Y52.6,Y52.7,Y52.8,Y52.9,Y53.0,Y53.1,Y53.2,Y53.3,Y53.4,Y53.5,Y53.6,Y53.7,Y53.8,Y53.9,Y54.0,Y54.1,Y54.2,Y54.3,Y54.4,Y54.5,Y54.6,Y54.7,Y54.8,Y54.9,Y55.0,Y55.1,Y55.2,Y55.3,Y55.4,Y55.5,Y55.6,Y55.7,Y55.8,Y55.9,Y56.0,Y56.1,Y56.2,Y56.3,Y56.4,Y56.5,Y56.6,Y56.7,Y56.8,Y56.9,Y57.0,Y57.1,Y57.2,Y57.3,Y57.4,Y57.5,Y57.6,Y57.7,Y57.8,Y57.9,Y58.0,Y58.1,Y58.2,Y58.3,Y58.4,Y58.5,Y58.6,Y58.7,Y58.8,Y58.9,Y59.0,Y59.1,Y59.2,Y59.3,Y59.4,Y59.5,Y59.6,Y59.7,Y59.8,Y59.9,Y60.0,Y60.1,Y60.2,Y60.3,Y60.4,Y60.5,Y60.6,Y60.7,Y60.8,Y60.9,Y61.0,Y61.1,Y61.2,Y61.3,Y61.4,Y61.5,Y61.6,Y61.7,Y61.8,Y61.9,Y62.0,Y62.1,Y62.2,Y62.3,Y62.4,Y62.5,Y62.6,Y62.7,Y62.8,Y62.9,Y63.0,Y63.1,Y63.2,Y63.3,Y63.4,Y63.5,Y63.6,Y63.7,Y63.8,Y63.9,Y64.0,Y64.1,Y64.2,Y64.3,Y64.4,Y64.5,Y64.6,Y64.7,Y64.8,Y64.9,Y65.0,Y65.1,Y65.2,Y65.3,Y65.4,Y65.5,Y65.6,Y65.7,Y65.8,Y65.9,Y66.0,Y66.1,Y66.2,Y66.3,Y66.4,Y66.5,Y66.6,Y66.7,Y66.8,Y66.9,Y67.0,Y67.1,Y67.2,Y67.3,Y67.4,Y67.5,Y67.6,Y67.7,Y67.8,Y67.9,Y68.0,Y68.1,Y68.2,Y68.3,Y68.4,Y68.5,Y68.6,Y68.7,Y68.8,Y68.9,Y69.0,Y69.1,Y69.2,Y69.3,Y69.4,Y69.5,Y69.6,Y69.7,Y69.8,Y69.9,Y70.0,Y70.1,Y70.2,Y70.3,Y70.4,Y70.5,Y70.6,Y70.7,Y70.8,Y70.9,Y71.0,Y71.1,Y71.2,Y71.3,Y71.4,Y71.5,Y71.6,Y71.7,Y71.8,Y71.9,Y72.0,Y72.1,Y72.2,Y72.3,Y72.4,Y72.5,Y72.6,Y72.7,Y72.8,Y72.9,Y73.0,Y73.1,Y73.2,Y73.3,Y73.4,Y73.5,Y73.6,Y73.7,Y73.8,Y73.9,Y74.0,Y74.1,Y74.2,Y74.3,Y74.4,Y74.5,Y74.6,Y74.7,Y74.8,Y74.9,Y75.0,Y75.1,Y75.2,Y75.3,Y75.4,Y75.5,Y75.6,Y75.7,Y75.8,Y75.9,Y76.0,Y76.1,Y76.2,Y76.3,Y76.4,Y76.5,Y76.6,Y76.7,Y76.8,Y76.9,Y77.0,Y77.1,Y77.2,Y77.3,Y77.4,Y77.5,Y77.6,Y77.7,Y77.8,Y77.9,Y78.0,Y78.1,Y78.2,Y78.3,Y78.4,Y78.5,Y78.6,Y78.7,Y78.8,Y78.9,Y79.0,Y79.1,Y79.2,Y79.3,Y79.4,Y79.5,Y79.6,Y79.7,Y79.8,Y79.9,Y80.0,Y80.1,Y80.2,Y80.3,Y80.4,Y80.5,Y80.6,Y80.7,Y80.8,Y80.9,Y81.0,Y81.1,Y81.2,Y81.3,Y81.4,Y81.5,Y81.6,Y81.7,Y81.8,Y81.9,Y82.0,Y82.1,Y82.2,Y82.3,Y82.4,Y82.5,Y82.6,Y82.7,Y82.8,Y82.9,Y83.0,Y83.1,Y83.2,Y83.3,Y83.4,Y83.5,Y83.6,Y83.7,Y83.8,Y83.9,Y84.0,Y84.1,Y84.2,Y84.3,Y84.4,Y84.5,Y84.6,Y84.7,Y84.8,Y84.9,Y88.0,Y88.1,Y88.2,Y88.3"
709,Animal contact,"W52.0-W62.9, W64-W64.9, X20-X29.9","W52.0,W52.1,W52.2,W52.3,W52.4,W52.5,W52.6,W52.7,W52.8,W52.9,W53.0,W53.1,W53.2,W53.3,W53.4,W53.5,W53.6,W53.7,W53.8,W53.9,W54.0,W54.1,W54.2,W54.3,W54.4,W54.5,W54.6,W54.7,W54.8,W54.9,W55.0,W55.1,W55.2,W55.3,W55.4,W55.5,W55.6,W55.7,W55.8,W55.9,W56.0,W56.1,W56.2,W56.3,W56.4,W56.5,W56.6,W56.7,W56.8,W56.9,W57.0,W57.1,W57.2,W57.3,W57.4,W57.5,W57.6,W57.7,W57.8,W57.9,W58.0,W58.1,W58.2,W58.3,W58.4,W58.5,W58.6,W58.7,W58.8,W58.9,W59.0,W59.1,W59.2,W59.3,W59.4,W59.5,W59.6,W59.7,W59.8,W59.9,W60.0,W60.1,W60.2,W60.3,W60.4,W60.5,W60.6,W60.7,W60.8,W60.9,W61.0,W61.1,W61.2,W61.3,W61.4,W61.5,W61.6,W61.7,W61.8,W61.9,W62.0,W62.1,W62.2,W62.3,W62.4,W62.5,W62.6,W62.7,W62.8,W62.9,W64.0,W64.1,W64.2,W64.3,W64.4,W64.5,W64.6,W64.7,W64.8,W64.9,X20.0,X20.1,X20.2,X20.3,X20.4,X20.5,X20.6,X20.7,X20.8,X20.9,X21.0,X21.1,X21.2,X21.3,X21.4,X21.5,X21.6,X21.7,X21.8,X21.9,X22.0,X22.1,X22.2,X22.3,X22.4,X22.5,X22.6,X22.7,X22.8,X22.9,X23.0,X23.1,X23.2,X23.3,X23.4,X23.5,X23.6,X23.7,X23.8,X23.9,X24.0,X24.1,X24.2,X24.3,X24.4,X24.5,X24.6,X24.7,X24.8,X24.9,X25.0,X25.1,X25.2,X25.3,X25.4,X25.5,X25.6,X25.7,X25.8,X25.9,X26.0,X26.1,X26.2,X26.3,X26.4,X26.5,X26.6,X26.7,X26.8,X26.9,X27.0,X27.1,X27.2,X27.3,X27.4,X27.5,X27.6,X27.7,X27.8,X27.9,X28.0,X28.1,X28.2,X28.3,X28.4,X28.5,X28.6,X28.7,X28.8,X28.9,X29.0,X29.1,X29.2,X29.3,X29.4,X29.5,X29.6,X29.7,X29.8,X29.9"
712,Foreign body,"W44-W45, W45.3-W45.9, W78-W80.9, W83-W84.9","W44.0,W44.1,W44.2,W44.3,W44.4,W44.5,W44.6,W44.7,W44.8,W44.9,W45.0,W45.1,W45.2,W45.3,W45.4,W45.5,W45.6,W45.7,W45.8,W45.9,W45.3,W45.4,W45.5,W45.6,W45.7,W45.8,W45.9,W78.0,W78.1,W78.2,W78.3,W78.4,W78.5,W78.6,W78.7,W78.8,W78.9,W79.0,W79.1,W79.2,W79.3,W79.4,W79.5,W79.6,W79.7,W79.8,W79.9,W80.0,W80.1,W80.2,W80.3,W80.4,W80.5,W80.6,W80.7,W80.8,W80.9,W83.0,W83.1,W83.2,W83.3,W83.4,W83.5,W83.6,W83.7,W83.8,W83.9,W84.0,W84.1,W84.2,W84.3,W84.4,W84.5,W84.6,W84.7,W84.8,W84.9"
716,Other unintentional injuries,"W39-W39.9, W77-W77.9, W81-W81.9, W85-W87.9, X50-X54.9, X57-X58.9","W39.0,W39.1,W39.2,W39.3,W39.4,W39.5,W39.6,W39.7,W39.8,W39.9,W77.0,W77.1,W77.2,W77.3,W77.4,W77.5,W77.6,W77.7,W77.8,W77.9,W81.0,W81.1,W81.2,W81.3,W81.4,W81.5,W81.6,W81.7,W81.8,W81.9,W85.0,W85.1,W85.2,W85.3,W85.4,W85.5,W85.6,W85.7,W85.8,W85.9,W86.0,W86.1,W86.2,W86.3,W86.4,W86.5,W86.6,W86.7,W86.8,W86.9,W87.0,W87.1,W87.2,W87.3,W87.4,W87.5,W87.6,W87.7,W87.8,W87.9,X50.0,X50.1,X50.2,X50.3,X50.4,X50.5,X50.6,X50.7,X50.8,X50.9,X51.0,X51.1,X51.2,X51.3,X51.4,X51.5,X51.6,X51.7,X51.8,X51.9,X52.0,X52.1,X52.2,X52.3,X52.4,X52.5,X52.6,X52.7,X52.8,X52.9,X53.0,X53.1,X53.2,X53.3,X53.4,X53.5,X53.6,X53.7,X53.8,X53.9,X54.0,X54.1,X54.2,X54.3,X54.4,X54.5,X54.6,X54.7,X54.8,X54.9,X57.0,X57.1,X57.2,X57.3,X57.4,X57.5,X57.6,X57.7,X57.8,X57.9,X58.0,X58.1,X58.2,X58.3,X58.4,X58.5,X58.6,X58.7,X58.8,X58.9"
718,Self-harm,"X60-X64.9, X66-X84.9, Y87.0","X60.0,X60.1,X60.2,X60.3,X60.4,X60.5,X60.6,X60.7,X60.8,X60.9,X61.0,X61.1,X61.2,X61.3,X61.4,X61.5,X61.6,X61.7,X61.8,X61.9,X62.0,X62.1,X62.2,X62.3,X62.4,X62.5,X62.6,X62.7,X62.8,X62.9,X63.0,X63.1,X63.2,X63.3,X63.4,X63.5,X63.6,X63.7,X63.8,X63.9,X64.0,X64.1,X64.2,X64.3,X64.4,X64.5,X64.6,X64.7,X64.8,X64.9,X66.0,X66.1,X66.2,X66.3,X66.4,X66.5,X66.6,X66.7,X66.8,X66.9,X67.0,X67.1,X67.2,X67.3,X67.4,X67.5,X67.6,X67.7,X67.8,X67.9,X68.0,X68.1,X68.2,X68.3,X68.4,X68.5,X68.6,X68.7,X68.8,X68.9,X69.0,X69.1,X69.2,X69.3,X69.4,X69.5,X69.6,X69.7,X69.8,X69.9,X70.0,X70.1,X70.2,X70.3,X70.4,X70.5,X70.6,X70.7,X70.8,X70.9,X71.0,X71.1,X71.2,X71.3,X71.4,X71.5,X71.6,X71.7,X71.8,X71.9,X72.0,X72.1,X72.2,X72.3,X72.4,X72.5,X72.6,X72.7,X72.8,X72.9,X73.0,X73.1,X73.2,X73.3,X73.4,X73.5,X73.6,X73.7,X73.8,X73.9,X74.0,X74.1,X74.2,X74.3,X74.4,X74.5,X74.6,X74.7,X74.8,X74.9,X75.0,X75.1,X75.2,X75.3,X75.4,X75.5,X75.6,X75.7,X75.8,X75.9,X76.0,X76.1,X76.2,X76.3,X76.4,X76.5,X76.6,X76.7,X76.8,X76.9,X77.0,X77.1,X77.2,X77.3,X77.4,X77.5,X77.6,X77.7,X77.8,X77.9,X78.0,X78.1,X78.2,X78.3,X78.4,X78.5,X78.6,X78.7,X78.8,X78.9,X79.0,X79.1,X79.2,X79.3,X79.4,X79.5,X79.6,X79.7,X79.8,X79.9,X80.0,X80.1,X80.2,X80.3,X80.4,X80.5,X80.6,X80.7,X80.8,X80.9,X81.0,X81.1,X81.2,X81.3,X81.4,X81.5,X81.6,X81.7,X81.8,X81.9,X82.0,X82.1,X82.2,X82.3,X82.4,X82.5,X82.6,X82.7,X82.8,X82.9,X83.0,X83.1,X83.2,X83.3,X83.4,X83.5,X83.6,X83.7,X83.8,X83.9,X84.0,X84.1,X84.2,X84.3,X84.4,X84.5,X84.6,X84.7,X84.8,X84.9,Y87.0"
729,Exposure to forces of nature,X33-X38.9,"X33.0,X33.1,X33.2,X33.3,X33.4,X33.5,X33.6,X33.7,X33.8,X33.9,X34.0,X34.1,X34.2,X34.3,X34.4,X34.5,X34.6,X34.7,X34.8,X34.9,X35.0,X35.1,X35.2,X35.3,X35.4,X35.5,X35.6,X35.7,X35.8,X35.9,X36.0,X36.1,X36.2,X36.3,X36.4,X36.5,X36.6,X36.7,X36.8,X36.9,X37.0,X37.1,X37.2,X37.3,X37.4,X37.5,X37.6,X37.7,X37.8,X37.9,X38.0,X38.1,X38.2,X38.3,X38.4,X38.5,X38.6,X38.7,X38.8,X38.9"
842,Environmental heat and cold exposure,"L55-L55.9, L56.3, L56.8-L56.9, L58-L58.9, W88-W94.9, W97.9, W99-W99.9, X30-X32.9, X39-X39.9","L55.0,L55.1,L55.2,L55.3,L55.4,L55.5,L55.6,L55.7,L55.8,L55.9,L56.3,L56.8,L56.9,L58.0,L58.1,L58.2,L58.3,L58.4,L58.5,L58.6,L58.7,L58.8,L58.9,W88.0,W88.1,W88.2,W88.3,W88.4,W88.5,W88.6,W88.7,W88.8,W88.9,W89.0,W89.1,W89.2,W89.3,W89.4,W89.5,W89.6,W89.7,W89.8,W89.9,W90.0,W90.1,W90.2,W90.3,W90.4,W90.5,W90.6,W90.7,W90.8,W90.9,W91.0,W91.1,W91.2,W91.3,W91.4,W91.5,W91.6,W91.7,W91.8,W91.9,W92.0,W92.1,W92.2,W92.3,W92.4,W92.5,W92.6,W92.7,W92.8,W92.9,W93.0,W93.1,W93.2,W93.3,W93.4,W93.5,W93.6,W93.7,W93.8,W93.9,W94.0,W94.1,W94.2,W94.3,W94.4,W94.5,W94.6,W94.7,W94.8,W94.9,W97.9,W99.0,W99.1,W99.2,W99.3,W99.4,W99.5,W99.6,W99.7,W99.8,W99.9,X30.0,X30.1,X30.2,X30.3,X30.4,X30.5,X30.6,X30.7,X30.8,X30.9,X31.0,X31.1,X31.2,X31.3,X31.4,X31.5,X31.6,X31.7,X31.8,X31.9,X32.0,X32.1,X32.2,X32.3,X32.4,X32.5,X32.6,X32.7,X32.8,X32.9,X39.0,X39.1,X39.2,X39.3,X39.4,X39.5,X39.6,X39.7,X39.8,X39.9"
843,Ebola,A98.4,A98.4
854,Executions and police conflict,"Y35-Y35.9, Y89.0","Y35.0,Y35.1,Y35.2,Y35.3,Y35.4,Y35.5,Y35.6,Y35.7,Y35.8,Y35.9,Y89.0"
935,Zika virus,U06-U06.9,"U06.0,U06.1,U06.2,U06.3,U06.4,U06.5,U06.6,U06.7,U06.8,U06.9"
936,Guinea worm disease,E72,"E72.0,E72.1,E72.2,E72.3,E72.4,E72.5,E72.6,E72.7,E72.8,E72.9"
945,Conflict and terrorism,"U00-U03, Y36-Y38.9, Y89.1","U00.0,U00.1,U00.2,U00.3,U00.4,U00.5,U00.6,U00.7,U00.8,U00.9,U01.0,U01.1,U01.2,U01.3,U01.4,U01.5,U01.6,U01.7,U01.8,U01.9,U02.0,U02.1,U02.2,U02.3,U02.4,U02.5,U02.6,U02.7,U02.8,U02.9,U03.0,U03.1,U03.2,U03.3,U03.4,U03.5,U03.6,U03.7,U03.8,U03.9,Y36.0,Y36.1,Y36.2,Y36.3,Y36.4,Y36.5,Y36.6,Y36.7,Y36.8,Y36.9,Y37.0,Y37.1,Y37.2,Y37.3,Y37.4,Y37.5,Y37.6,Y37.7,Y37.8,Y37.9,Y38.0,Y38.1,Y38.2,Y38.3,Y38.4,Y38.5,Y38.6,Y38.7,Y38.8,Y38.9,Y89.1"
741,Maternal deaths aggravated by HIV/AIDS,NA,NA
522,Cirrhosis and other chronic liver diseases due to hepatitis B,NA,NA
523,Cirrhosis and other chronic liver diseases due to hepatitis C,NA,NA
524,Cirrhosis and other chronic liver diseases due to alcohol use,NA,NA
525,Cirrhosis and other chronic liver diseases due to other causes,NA,NA
724,Interpersonal violence,"X85-Y08.9, Y87.1",NA
